{"@t":"2025-07-25T11:27:44.4896229Z","@mt":"No store type was specified for the decimal property '{property}' on entity type '{entityType}'. This will cause values to be silently truncated if they do not fit in the default precision and scale. Explicitly specify the SQL server column type that can accommodate all the values in 'OnModelCreating' using 'HasColumnType', specify precision and scale using 'HasPrecision', or configure a value converter using 'HasConversion'.","@l":"Warning","@tr":"96342ec140502716601a037bbaf327a3","@sp":"a3c25a07ed3a9863","property":"Freight","entityType":"Order","EventId":{"Id":30000,"Name":"Microsoft.EntityFrameworkCore.Model.Validation.DecimalTypeDefaultWarning"},"SourceContext":"Microsoft.EntityFrameworkCore.Model.Validation","ActionId":"371a56a9-c1c9-4d55-8b18-13035344526d","ActionName":"NorthwindApp.API.Controllers.ProductController.GetAll (NorthwindApp.API)","RequestId":"0HNEBDP2VJ9CP:00000001","RequestPath":"/api/Product/list","ConnectionId":"0HNEBDP2VJ9CP"}
{"@t":"2025-07-25T11:27:44.5335843Z","@mt":"No store type was specified for the decimal property '{property}' on entity type '{entityType}'. This will cause values to be silently truncated if they do not fit in the default precision and scale. Explicitly specify the SQL server column type that can accommodate all the values in 'OnModelCreating' using 'HasColumnType', specify precision and scale using 'HasPrecision', or configure a value converter using 'HasConversion'.","@l":"Warning","@tr":"96342ec140502716601a037bbaf327a3","@sp":"a3c25a07ed3a9863","property":"UnitPrice","entityType":"Product","EventId":{"Id":30000,"Name":"Microsoft.EntityFrameworkCore.Model.Validation.DecimalTypeDefaultWarning"},"SourceContext":"Microsoft.EntityFrameworkCore.Model.Validation","ActionId":"371a56a9-c1c9-4d55-8b18-13035344526d","ActionName":"NorthwindApp.API.Controllers.ProductController.GetAll (NorthwindApp.API)","RequestId":"0HNEBDP2VJ9CP:00000001","RequestPath":"/api/Product/list","ConnectionId":"0HNEBDP2VJ9CP"}
{"@t":"2025-07-25T11:27:45.3208287Z","@mt":"HTTP {RequestMethod} {RequestPath} responded {StatusCode} in {Elapsed:0.0000} ms","@r":["1471.4627"],"@tr":"96342ec140502716601a037bbaf327a3","@sp":"a3c25a07ed3a9863","RequestMethod":"GET","RequestPath":"/api/Product/list","StatusCode":200,"Elapsed":1471.4627,"SourceContext":"Serilog.AspNetCore.RequestLoggingMiddleware","RequestId":"0HNEBDP2VJ9CP:00000001","ConnectionId":"0HNEBDP2VJ9CP"}
{"@t":"2025-07-25T11:27:50.6756769Z","@mt":"HTTP {RequestMethod} {RequestPath} responded {StatusCode} in {Elapsed:0.0000} ms","@r":["126.3003"],"@tr":"08a996e13148b3e07c0a237ad2ba5408","@sp":"4be40d12e035cced","RequestMethod":"GET","RequestPath":"/api/Product/17","StatusCode":200,"Elapsed":126.3003,"SourceContext":"Serilog.AspNetCore.RequestLoggingMiddleware","RequestId":"0HNEBDP2VJ9CP:00000003","ConnectionId":"0HNEBDP2VJ9CP"}
{"@t":"2025-07-25T11:27:53.4103446Z","@mt":"HTTP {RequestMethod} {RequestPath} responded {StatusCode} in {Elapsed:0.0000} ms","@r":["6.1850"],"@tr":"29fcffd37bf23a665382727876b4a512","@sp":"c8ec5336b62607c2","RequestMethod":"GET","RequestPath":"/api/Product/list","StatusCode":200,"Elapsed":6.185,"SourceContext":"Serilog.AspNetCore.RequestLoggingMiddleware","RequestId":"0HNEBDP2VJ9CP:00000005","ConnectionId":"0HNEBDP2VJ9CP"}
{"@t":"2025-07-25T11:27:54.0697962Z","@mt":"HTTP {RequestMethod} {RequestPath} responded {StatusCode} in {Elapsed:0.0000} ms","@r":["72.8287"],"@tr":"59ae308fd34db6785888a6e64f0346b9","@sp":"c0c0e61717388d68","RequestMethod":"GET","RequestPath":"/api/Category/list","StatusCode":200,"Elapsed":72.8287,"SourceContext":"Serilog.AspNetCore.RequestLoggingMiddleware","RequestId":"0HNEBDP2VJ9CP:00000007","ConnectionId":"0HNEBDP2VJ9CP"}
{"@t":"2025-07-25T11:27:54.7476100Z","@mt":"HTTP {RequestMethod} {RequestPath} responded {StatusCode} in {Elapsed:0.0000} ms","@r":["40.9766"],"@tr":"81bd52425b6a7b3a863735b0445df4f8","@sp":"7c98adf5d2698438","RequestMethod":"GET","RequestPath":"/api/Customer/list","StatusCode":200,"Elapsed":40.9766,"SourceContext":"Serilog.AspNetCore.RequestLoggingMiddleware","RequestId":"0HNEBDP2VJ9CP:00000009","ConnectionId":"0HNEBDP2VJ9CP"}
{"@t":"2025-07-25T11:27:55.3734011Z","@mt":"HTTP {RequestMethod} {RequestPath} responded {StatusCode} in {Elapsed:0.0000} ms","@r":["1.9387"],"@tr":"1fda6ceb5af48e466229e92ab6db6e32","@sp":"8f555e6a8ff7dc20","RequestMethod":"GET","RequestPath":"/api/Category/list","StatusCode":200,"Elapsed":1.9387,"SourceContext":"Serilog.AspNetCore.RequestLoggingMiddleware","RequestId":"0HNEBDP2VJ9CP:0000000B","ConnectionId":"0HNEBDP2VJ9CP"}
{"@t":"2025-07-25T11:27:55.8130191Z","@mt":"HTTP {RequestMethod} {RequestPath} responded {StatusCode} in {Elapsed:0.0000} ms","@r":["36.3795"],"@tr":"8d5728d26cec5c14a2713e05fc64d67e","@sp":"620b1b0f3c417645","RequestMethod":"GET","RequestPath":"/api/Supplier/list","StatusCode":200,"Elapsed":36.3795,"SourceContext":"Serilog.AspNetCore.RequestLoggingMiddleware","RequestId":"0HNEBDP2VJ9CP:0000000D","ConnectionId":"0HNEBDP2VJ9CP"}
{"@t":"2025-07-25T11:27:56.2360112Z","@mt":"HTTP {RequestMethod} {RequestPath} responded {StatusCode} in {Elapsed:0.0000} ms","@r":["32.8399"],"@tr":"dc2e2777b69cad68434f028d04575a4c","@sp":"2a32ee5de83f3425","RequestMethod":"GET","RequestPath":"/api/Employee/list","StatusCode":200,"Elapsed":32.8399,"SourceContext":"Serilog.AspNetCore.RequestLoggingMiddleware","RequestId":"0HNEBDP2VJ9CP:0000000F","ConnectionId":"0HNEBDP2VJ9CP"}
{"@t":"2025-07-25T11:27:56.6932073Z","@mt":"HTTP {RequestMethod} {RequestPath} responded {StatusCode} in {Elapsed:0.0000} ms","@r":["53.7254"],"@tr":"9f85bd5fba746b571442d77787399550","@sp":"71b620c251980230","RequestMethod":"GET","RequestPath":"/api/Order/list","StatusCode":200,"Elapsed":53.7254,"SourceContext":"Serilog.AspNetCore.RequestLoggingMiddleware","RequestId":"0HNEBDP2VJ9CP:00000011","ConnectionId":"0HNEBDP2VJ9CP"}
{"@t":"2025-07-25T11:28:02.4807854Z","@mt":"HTTP {RequestMethod} {RequestPath} responded {StatusCode} in {Elapsed:0.0000} ms","@r":["1.7566"],"@tr":"acca34a6ec4da12131734b12ca2ab293","@sp":"9c4fbd59494441e9","RequestMethod":"GET","RequestPath":"/api/Order/list","StatusCode":200,"Elapsed":1.7566,"SourceContext":"Serilog.AspNetCore.RequestLoggingMiddleware","RequestId":"0HNEBDP2VJ9CP:00000013","ConnectionId":"0HNEBDP2VJ9CP"}
{"@t":"2025-07-25T11:28:14.0418998Z","@mt":"HTTP {RequestMethod} {RequestPath} responded {StatusCode} in {Elapsed:0.0000} ms","@r":["2.4574"],"@tr":"56879070080b30830fb50b75ec47911e","@sp":"f88ee274b1a0b8a7","RequestMethod":"GET","RequestPath":"/api/Order/list","StatusCode":200,"Elapsed":2.4574,"SourceContext":"Serilog.AspNetCore.RequestLoggingMiddleware","RequestId":"0HNEBDP2VJ9CP:00000015","ConnectionId":"0HNEBDP2VJ9CP"}
{"@t":"2025-07-25T11:28:18.5844283Z","@mt":"HTTP {RequestMethod} {RequestPath} responded {StatusCode} in {Elapsed:0.0000} ms","@r":["1.0687"],"@tr":"4e5a88895c046aeae63d898bdb5af728","@sp":"8dc6bb5417d9685e","RequestMethod":"GET","RequestPath":"/api/Employee/list","StatusCode":200,"Elapsed":1.0687,"SourceContext":"Serilog.AspNetCore.RequestLoggingMiddleware","RequestId":"0HNEBDP2VJ9CP:00000017","ConnectionId":"0HNEBDP2VJ9CP"}
{"@t":"2025-07-25T11:28:20.8856196Z","@mt":"HTTP {RequestMethod} {RequestPath} responded {StatusCode} in {Elapsed:0.0000} ms","@r":["2.2667"],"@tr":"27cab69d159b08f985858d87cb4ed6cf","@sp":"9b5eae95253111ad","RequestMethod":"GET","RequestPath":"/api/Product/list","StatusCode":200,"Elapsed":2.2667,"SourceContext":"Serilog.AspNetCore.RequestLoggingMiddleware","RequestId":"0HNEBDP2VJ9CP:00000019","ConnectionId":"0HNEBDP2VJ9CP"}
{"@t":"2025-07-25T11:28:25.8463837Z","@mt":"HTTP {RequestMethod} {RequestPath} responded {StatusCode} in {Elapsed:0.0000} ms","@r":["2.1567"],"@tr":"12ece59b70c7cdf429d26b4aace60baf","@sp":"656749a40f7d6ccd","RequestMethod":"GET","RequestPath":"/api/Category/list","StatusCode":200,"Elapsed":2.1567,"SourceContext":"Serilog.AspNetCore.RequestLoggingMiddleware","RequestId":"0HNEBDP2VJ9CP:0000001B","ConnectionId":"0HNEBDP2VJ9CP"}
{"@t":"2025-07-25T11:28:39.3137461Z","@mt":"HTTP {RequestMethod} {RequestPath} responded {StatusCode} in {Elapsed:0.0000} ms","@r":["1.0817"],"@tr":"42ca48296ff9d0643868b810634bc5a8","@sp":"a9f423cc8569f23a","RequestMethod":"GET","RequestPath":"/api/Category/list","StatusCode":200,"Elapsed":1.0817,"SourceContext":"Serilog.AspNetCore.RequestLoggingMiddleware","RequestId":"0HNEBDP2VJ9CP:0000001D","ConnectionId":"0HNEBDP2VJ9CP"}
{"@t":"2025-07-25T11:28:40.4219440Z","@mt":"HTTP {RequestMethod} {RequestPath} responded {StatusCode} in {Elapsed:0.0000} ms","@r":["1.4468"],"@tr":"8e47edefb99d21f64f2c09c98cdea112","@sp":"5ddef2bcd465ac1b","RequestMethod":"GET","RequestPath":"/api/Category/list","StatusCode":200,"Elapsed":1.4468,"SourceContext":"Serilog.AspNetCore.RequestLoggingMiddleware","RequestId":"0HNEBDP2VJ9CP:0000001F","ConnectionId":"0HNEBDP2VJ9CP"}
{"@t":"2025-07-25T11:28:40.8346466Z","@mt":"HTTP {RequestMethod} {RequestPath} responded {StatusCode} in {Elapsed:0.0000} ms","@r":["1.0769"],"@tr":"ce4c7c3227534a9e9be5f22f5960c532","@sp":"12c4071ddde06923","RequestMethod":"GET","RequestPath":"/api/Category/list","StatusCode":200,"Elapsed":1.0769,"SourceContext":"Serilog.AspNetCore.RequestLoggingMiddleware","RequestId":"0HNEBDP2VJ9CP:00000021","ConnectionId":"0HNEBDP2VJ9CP"}
{"@t":"2025-07-25T11:28:41.1290638Z","@mt":"HTTP {RequestMethod} {RequestPath} responded {StatusCode} in {Elapsed:0.0000} ms","@r":["0.6891"],"@tr":"a86dd739eb94c91c0db48544fe1e659c","@sp":"8bd5c5bd221bf7d6","RequestMethod":"GET","RequestPath":"/api/Category/list","StatusCode":200,"Elapsed":0.6891,"SourceContext":"Serilog.AspNetCore.RequestLoggingMiddleware","RequestId":"0HNEBDP2VJ9CP:00000023","ConnectionId":"0HNEBDP2VJ9CP"}
{"@t":"2025-07-25T11:28:42.1545769Z","@mt":"HTTP {RequestMethod} {RequestPath} responded {StatusCode} in {Elapsed:0.0000} ms","@r":["0.9902"],"@tr":"091cf40aac6bf14562144a58706ad7a7","@sp":"684a4bd49dfdc89f","RequestMethod":"GET","RequestPath":"/api/Category/list","StatusCode":200,"Elapsed":0.9902,"SourceContext":"Serilog.AspNetCore.RequestLoggingMiddleware","RequestId":"0HNEBDP2VJ9CP:00000025","ConnectionId":"0HNEBDP2VJ9CP"}
{"@t":"2025-07-25T11:28:45.8768536Z","@mt":"HTTP {RequestMethod} {RequestPath} responded {StatusCode} in {Elapsed:0.0000} ms","@r":["1.8082"],"@tr":"200d7782e4d4de83755446925fd030e0","@sp":"4f4be751a42b00b7","RequestMethod":"GET","RequestPath":"/api/Category/list","StatusCode":200,"Elapsed":1.8082,"SourceContext":"Serilog.AspNetCore.RequestLoggingMiddleware","RequestId":"0HNEBDP2VJ9CP:00000027","ConnectionId":"0HNEBDP2VJ9CP"}
{"@t":"2025-07-25T11:28:48.1879450Z","@mt":"HTTP {RequestMethod} {RequestPath} responded {StatusCode} in {Elapsed:0.0000} ms","@r":["1.2369"],"@tr":"055591e60fa3a9b42759003b8e42df91","@sp":"8d98c43d8b42adaa","RequestMethod":"GET","RequestPath":"/api/Product/list","StatusCode":200,"Elapsed":1.2369,"SourceContext":"Serilog.AspNetCore.RequestLoggingMiddleware","RequestId":"0HNEBDP2VJ9CP:00000029","ConnectionId":"0HNEBDP2VJ9CP"}
