{"@t":"2025-07-21T06:19:21.0088084Z","@mt":"No store type was specified for the decimal property '{property}' on entity type '{entityType}'. This will cause values to be silently truncated if they do not fit in the default precision and scale. Explicitly specify the SQL server column type that can accommodate all the values in 'OnModelCreating' using 'HasColumnType', specify precision and scale using 'HasPrecision', or configure a value converter using 'HasConversion'.","@l":"Warning","@tr":"e950a4a44b4c76ca2a1747c08c1dc1c7","@sp":"b4c6394d34cee307","property":"Freight","entityType":"Order","EventId":{"Id":30000,"Name":"Microsoft.EntityFrameworkCore.Model.Validation.DecimalTypeDefaultWarning"},"SourceContext":"Microsoft.EntityFrameworkCore.Model.Validation","ActionId":"02aaf805-6252-484e-92c7-8bca3472dcd8","ActionName":"NorthwindApp.API.Controllers.ProductController.GetAll (NorthwindApp.API)","RequestId":"0HNE83Q3ME6GG:00000001","RequestPath":"/api/Product/list","ConnectionId":"0HNE83Q3ME6GG"}
{"@t":"2025-07-21T06:19:21.0432134Z","@mt":"No store type was specified for the decimal property '{property}' on entity type '{entityType}'. This will cause values to be silently truncated if they do not fit in the default precision and scale. Explicitly specify the SQL server column type that can accommodate all the values in 'OnModelCreating' using 'HasColumnType', specify precision and scale using 'HasPrecision', or configure a value converter using 'HasConversion'.","@l":"Warning","@tr":"e950a4a44b4c76ca2a1747c08c1dc1c7","@sp":"b4c6394d34cee307","property":"UnitPrice","entityType":"Product","EventId":{"Id":30000,"Name":"Microsoft.EntityFrameworkCore.Model.Validation.DecimalTypeDefaultWarning"},"SourceContext":"Microsoft.EntityFrameworkCore.Model.Validation","ActionId":"02aaf805-6252-484e-92c7-8bca3472dcd8","ActionName":"NorthwindApp.API.Controllers.ProductController.GetAll (NorthwindApp.API)","RequestId":"0HNE83Q3ME6GG:00000001","RequestPath":"/api/Product/list","ConnectionId":"0HNE83Q3ME6GG"}
{"@t":"2025-07-21T06:19:21.7097382Z","@mt":"HTTP {RequestMethod} {RequestPath} responded {StatusCode} in {Elapsed:0.0000} ms","@r":["1261.9835"],"@tr":"e950a4a44b4c76ca2a1747c08c1dc1c7","@sp":"b4c6394d34cee307","RequestMethod":"GET","RequestPath":"/api/Product/list","StatusCode":200,"Elapsed":1261.9835,"SourceContext":"Serilog.AspNetCore.RequestLoggingMiddleware","RequestId":"0HNE83Q3ME6GG:00000001","ConnectionId":"0HNE83Q3ME6GG"}
{"@t":"2025-07-21T06:19:25.5093326Z","@mt":"HTTP {RequestMethod} {RequestPath} responded {StatusCode} in {Elapsed:0.0000} ms","@r":["3.7783"],"@tr":"ce31e45ea99d7c1fd16ab2ea3d021749","@sp":"b9e8f6eabce93ce8","RequestMethod":"GET","RequestPath":"/api/Product/list","StatusCode":200,"Elapsed":3.7783,"SourceContext":"Serilog.AspNetCore.RequestLoggingMiddleware","RequestId":"0HNE83Q3ME6GG:00000003","ConnectionId":"0HNE83Q3ME6GG"}
{"@t":"2025-07-21T06:19:26.7791241Z","@mt":"HTTP {RequestMethod} {RequestPath} responded {StatusCode} in {Elapsed:0.0000} ms","@r":["39.2643"],"@tr":"feecf70a13aa214c8d89c3891b939206","@sp":"07faa7747a49197d","RequestMethod":"GET","RequestPath":"/api/Category/list","StatusCode":200,"Elapsed":39.2643,"SourceContext":"Serilog.AspNetCore.RequestLoggingMiddleware","RequestId":"0HNE83Q3ME6GG:00000005","ConnectionId":"0HNE83Q3ME6GG"}
{"@t":"2025-07-21T06:19:27.8128661Z","@mt":"HTTP {RequestMethod} {RequestPath} responded {StatusCode} in {Elapsed:0.0000} ms","@r":["67.0814"],"@tr":"8d49c91630841858f9ad695bdabb08b8","@sp":"edd314ec05dfaf79","RequestMethod":"GET","RequestPath":"/api/Customer/list","StatusCode":200,"Elapsed":67.0814,"SourceContext":"Serilog.AspNetCore.RequestLoggingMiddleware","RequestId":"0HNE83Q3ME6GG:00000007","ConnectionId":"0HNE83Q3ME6GG"}
{"@t":"2025-07-21T06:19:29.0710704Z","@mt":"HTTP {RequestMethod} {RequestPath} responded {StatusCode} in {Elapsed:0.0000} ms","@r":["26.1468"],"@tr":"39cd74bf327823bc19f389cc3fe2c05c","@sp":"559f4bf5c3c1b4aa","RequestMethod":"GET","RequestPath":"/api/Supplier/list","StatusCode":200,"Elapsed":26.1468,"SourceContext":"Serilog.AspNetCore.RequestLoggingMiddleware","RequestId":"0HNE83Q3ME6GG:00000009","ConnectionId":"0HNE83Q3ME6GG"}
{"@t":"2025-07-21T06:19:30.2753310Z","@mt":"HTTP {RequestMethod} {RequestPath} responded {StatusCode} in {Elapsed:0.0000} ms","@r":["26.5961"],"@tr":"300d2916fb0c47feceb3f98394118b18","@sp":"0e1010afe2a541b1","RequestMethod":"GET","RequestPath":"/api/Employee/list","StatusCode":200,"Elapsed":26.5961,"SourceContext":"Serilog.AspNetCore.RequestLoggingMiddleware","RequestId":"0HNE83Q3ME6GG:0000000B","ConnectionId":"0HNE83Q3ME6GG"}
{"@t":"2025-07-21T06:19:31.6627723Z","@mt":"HTTP {RequestMethod} {RequestPath} responded {StatusCode} in {Elapsed:0.0000} ms","@r":["69.2015"],"@tr":"a4d759d8cc4359cbbd251624622b9d23","@sp":"53aa621dda0d9304","RequestMethod":"GET","RequestPath":"/api/Order/list","StatusCode":200,"Elapsed":69.2015,"SourceContext":"Serilog.AspNetCore.RequestLoggingMiddleware","RequestId":"0HNE83Q3ME6GG:0000000D","ConnectionId":"0HNE83Q3ME6GG"}
{"@t":"2025-07-21T06:19:33.4265037Z","@mt":"HTTP {RequestMethod} {RequestPath} responded {StatusCode} in {Elapsed:0.0000} ms","@r":["4.3724"],"@tr":"fb3f060f28f28fd77cf8f029906dedda","@sp":"57393e6c74cfcbd2","RequestMethod":"GET","RequestPath":"/api/Product/list","StatusCode":200,"Elapsed":4.3724,"SourceContext":"Serilog.AspNetCore.RequestLoggingMiddleware","RequestId":"0HNE83Q3ME6GG:0000000F","ConnectionId":"0HNE83Q3ME6GG"}
{"@t":"2025-07-21T06:36:17.5030653Z","@mt":"HTTP {RequestMethod} {RequestPath} responded {StatusCode} in {Elapsed:0.0000} ms","@r":["109.7196"],"@tr":"05f9d93ef9eaca0df1fc8dfcd06bd135","@sp":"83dd33fb5238d94e","RequestMethod":"GET","RequestPath":"/api/Product/17","StatusCode":200,"Elapsed":109.7196,"SourceContext":"Serilog.AspNetCore.RequestLoggingMiddleware","RequestId":"0HNE83Q3ME6GJ:00000001","ConnectionId":"0HNE83Q3ME6GJ"}
{"@t":"2025-07-21T06:36:24.0538501Z","@mt":"HTTP {RequestMethod} {RequestPath} responded {StatusCode} in {Elapsed:0.0000} ms","@r":["14.5622"],"@tr":"6770380f941f82574d1b72b4c59b5037","@sp":"95ad5fbf71e463fe","RequestMethod":"GET","RequestPath":"/api/Product/3","StatusCode":200,"Elapsed":14.5622,"SourceContext":"Serilog.AspNetCore.RequestLoggingMiddleware","RequestId":"0HNE83Q3ME6GJ:00000003","ConnectionId":"0HNE83Q3ME6GJ"}
{"@t":"2025-07-21T06:36:38.4021821Z","@mt":"HTTP {RequestMethod} {RequestPath} responded {StatusCode} in {Elapsed:0.0000} ms","@r":["0.7332"],"@tr":"755bb77f7f33d59d4246105759f3682c","@sp":"4b1ce0537321ccc7","RequestMethod":"OPTIONS","RequestPath":"/api/Product/3","StatusCode":204,"Elapsed":0.7332,"SourceContext":"Serilog.AspNetCore.RequestLoggingMiddleware","RequestId":"0HNE83Q3ME6GJ:00000005","ConnectionId":"0HNE83Q3ME6GJ"}
{"@t":"2025-07-21T06:36:38.4174545Z","@mt":"HTTP {RequestMethod} {RequestPath} responded {StatusCode} in {Elapsed:0.0000} ms","@r":["0.1762"],"@tr":"3176a667efbe8ac85d61e44420c099c8","@sp":"4da2f4d289c3cedf","RequestMethod":"PUT","RequestPath":"/api/Product/3","StatusCode":405,"Elapsed":0.1762,"SourceContext":"Serilog.AspNetCore.RequestLoggingMiddleware","RequestId":"0HNE83Q3ME6GJ:00000007","ConnectionId":"0HNE83Q3ME6GJ"}
{"@t":"2025-07-21T06:36:40.7379064Z","@mt":"HTTP {RequestMethod} {RequestPath} responded {StatusCode} in {Elapsed:0.0000} ms","@r":["1.1946"],"@tr":"c0ec3e0b2376a704ddbd80dd0b30b410","@sp":"1220174d97a1f550","RequestMethod":"GET","RequestPath":"/api/Product/list","StatusCode":200,"Elapsed":1.1946,"SourceContext":"Serilog.AspNetCore.RequestLoggingMiddleware","RequestId":"0HNE83Q3ME6GJ:00000009","ConnectionId":"0HNE83Q3ME6GJ"}
{"@t":"2025-07-21T06:36:42.6235398Z","@mt":"HTTP {RequestMethod} {RequestPath} responded {StatusCode} in {Elapsed:0.0000} ms","@r":["0.9635"],"@tr":"24066ac020230de080d48e13eb4246fc","@sp":"d4e14cb75271e172","RequestMethod":"GET","RequestPath":"/api/Category/list","StatusCode":200,"Elapsed":0.9635,"SourceContext":"Serilog.AspNetCore.RequestLoggingMiddleware","RequestId":"0HNE83Q3ME6GJ:0000000B","ConnectionId":"0HNE83Q3ME6GJ"}
{"@t":"2025-07-21T06:36:45.2103416Z","@mt":"HTTP {RequestMethod} {RequestPath} responded {StatusCode} in {Elapsed:0.0000} ms","@r":["0.0914"],"@tr":"9ea2f3b3f15e4190fa0e6130ee8e2c92","@sp":"2f45c4937409cbc9","RequestMethod":"OPTIONS","RequestPath":"/api/Category","StatusCode":204,"Elapsed":0.0914,"SourceContext":"Serilog.AspNetCore.RequestLoggingMiddleware","RequestId":"0HNE83Q3ME6GJ:0000000D","ConnectionId":"0HNE83Q3ME6GJ"}
{"@t":"2025-07-21T06:36:45.2445293Z","@mt":"HTTP {RequestMethod} {RequestPath} responded {StatusCode} in {Elapsed:0.0000} ms","@r":["28.7221"],"@tr":"6f3c19ef4baf053420057ad9c06f582c","@sp":"043719c482979531","RequestMethod":"POST","RequestPath":"/api/Category","StatusCode":400,"Elapsed":28.7221,"SourceContext":"Serilog.AspNetCore.RequestLoggingMiddleware","RequestId":"0HNE83Q3ME6GJ:0000000F","ConnectionId":"0HNE83Q3ME6GJ"}
{"@t":"2025-07-21T06:36:46.2689067Z","@mt":"HTTP {RequestMethod} {RequestPath} responded {StatusCode} in {Elapsed:0.0000} ms","@r":["0.7233"],"@tr":"7d860d1b1ad8703730e7a31526ce4033","@sp":"a79bcb0a47817727","RequestMethod":"GET","RequestPath":"/api/Category/list","StatusCode":200,"Elapsed":0.7233,"SourceContext":"Serilog.AspNetCore.RequestLoggingMiddleware","RequestId":"0HNE83Q3ME6GJ:00000011","ConnectionId":"0HNE83Q3ME6GJ"}
{"@t":"2025-07-21T06:36:48.2326625Z","@mt":"HTTP {RequestMethod} {RequestPath} responded {StatusCode} in {Elapsed:0.0000} ms","@r":["1.0132"],"@tr":"f79a5463192969f9d6c54b709f5872b9","@sp":"90f09d66c89eea6c","RequestMethod":"GET","RequestPath":"/api/Customer/list","StatusCode":200,"Elapsed":1.0132,"SourceContext":"Serilog.AspNetCore.RequestLoggingMiddleware","RequestId":"0HNE83Q3ME6GJ:00000013","ConnectionId":"0HNE83Q3ME6GJ"}
{"@t":"2025-07-21T06:36:49.2332888Z","@mt":"HTTP {RequestMethod} {RequestPath} responded {StatusCode} in {Elapsed:0.0000} ms","@r":["14.0195"],"@tr":"28839c0661a8fa451bd368ed8a719f5e","@sp":"6ca5d0fa48b33ec2","RequestMethod":"GET","RequestPath":"/api/Customer/ANATR","StatusCode":200,"Elapsed":14.0195,"SourceContext":"Serilog.AspNetCore.RequestLoggingMiddleware","RequestId":"0HNE83Q3ME6GJ:00000015","ConnectionId":"0HNE83Q3ME6GJ"}
{"@t":"2025-07-21T06:37:00.1846373Z","@mt":"HTTP {RequestMethod} {RequestPath} responded {StatusCode} in {Elapsed:0.0000} ms","@r":["0.0514"],"@tr":"205e35aab2c4c66a085cbf8a88190f1d","@sp":"1847cdf679366244","RequestMethod":"OPTIONS","RequestPath":"/api/Customer/ANATR","StatusCode":204,"Elapsed":0.0514,"SourceContext":"Serilog.AspNetCore.RequestLoggingMiddleware","RequestId":"0HNE83Q3ME6GJ:00000017","ConnectionId":"0HNE83Q3ME6GJ"}
{"@t":"2025-07-21T06:37:00.1894374Z","@mt":"HTTP {RequestMethod} {RequestPath} responded {StatusCode} in {Elapsed:0.0000} ms","@r":["0.0521"],"@tr":"20386d753a3a5691b673a6e399cb95d9","@sp":"a81df36ff28c14f0","RequestMethod":"PUT","RequestPath":"/api/Customer/ANATR","StatusCode":405,"Elapsed":0.0521,"SourceContext":"Serilog.AspNetCore.RequestLoggingMiddleware","RequestId":"0HNE83Q3ME6GJ:00000019","ConnectionId":"0HNE83Q3ME6GJ"}
{"@t":"2025-07-21T06:37:01.5046224Z","@mt":"HTTP {RequestMethod} {RequestPath} responded {StatusCode} in {Elapsed:0.0000} ms","@r":["0.6420"],"@tr":"b27a89fe3e6658bee3e10cb18473efd1","@sp":"d188a6d70354c4fb","RequestMethod":"GET","RequestPath":"/api/Customer/list","StatusCode":200,"Elapsed":0.642,"SourceContext":"Serilog.AspNetCore.RequestLoggingMiddleware","RequestId":"0HNE83Q3ME6GJ:0000001B","ConnectionId":"0HNE83Q3ME6GJ"}
{"@t":"2025-07-21T06:37:07.4681154Z","@mt":"HTTP {RequestMethod} {RequestPath} responded {StatusCode} in {Elapsed:0.0000} ms","@r":["0.5455"],"@tr":"6bbceffb200063d1a826851cbd366917","@sp":"0d44c025ffcdb2ff","RequestMethod":"GET","RequestPath":"/api/Supplier/list","StatusCode":200,"Elapsed":0.5455,"SourceContext":"Serilog.AspNetCore.RequestLoggingMiddleware","RequestId":"0HNE83Q3ME6GJ:0000001D","ConnectionId":"0HNE83Q3ME6GJ"}
{"@t":"2025-07-21T06:37:10.6876011Z","@mt":"HTTP {RequestMethod} {RequestPath} responded {StatusCode} in {Elapsed:0.0000} ms","@r":["0.4629"],"@tr":"0776962bb0c5c6c0215fd305fc1d2f15","@sp":"0e70cd61e75a9010","RequestMethod":"GET","RequestPath":"/api/Employee/list","StatusCode":200,"Elapsed":0.4629,"SourceContext":"Serilog.AspNetCore.RequestLoggingMiddleware","RequestId":"0HNE83Q3ME6GJ:0000001F","ConnectionId":"0HNE83Q3ME6GJ"}
{"@t":"2025-07-21T06:37:13.0020085Z","@mt":"HTTP {RequestMethod} {RequestPath} responded {StatusCode} in {Elapsed:0.0000} ms","@r":["1.1606"],"@tr":"d24df49bb242f0a35c5a73679f98c5aa","@sp":"0c7c99de0b154fa4","RequestMethod":"GET","RequestPath":"/api/Order/list","StatusCode":200,"Elapsed":1.1606,"SourceContext":"Serilog.AspNetCore.RequestLoggingMiddleware","RequestId":"0HNE83Q3ME6GJ:00000021","ConnectionId":"0HNE83Q3ME6GJ"}
{"@t":"2025-07-21T06:37:14.1339207Z","@mt":"HTTP {RequestMethod} {RequestPath} responded {StatusCode} in {Elapsed:0.0000} ms","@r":["15.0456"],"@tr":"0b128746c343a667f80f5b01936d9431","@sp":"b160896f142ab0dd","RequestMethod":"GET","RequestPath":"/api/Order/10250","StatusCode":200,"Elapsed":15.0456,"SourceContext":"Serilog.AspNetCore.RequestLoggingMiddleware","RequestId":"0HNE83Q3ME6GJ:00000023","ConnectionId":"0HNE83Q3ME6GJ"}
{"@t":"2025-07-21T06:37:18.0489606Z","@mt":"HTTP {RequestMethod} {RequestPath} responded {StatusCode} in {Elapsed:0.0000} ms","@r":["0.0597"],"@tr":"f5760064091a3f70989360ae3bd7a314","@sp":"09525496644549d5","RequestMethod":"OPTIONS","RequestPath":"/api/Order/10250","StatusCode":204,"Elapsed":0.0597,"SourceContext":"Serilog.AspNetCore.RequestLoggingMiddleware","RequestId":"0HNE83Q3ME6GJ:00000025","ConnectionId":"0HNE83Q3ME6GJ"}
{"@t":"2025-07-21T06:37:18.0532941Z","@mt":"HTTP {RequestMethod} {RequestPath} responded {StatusCode} in {Elapsed:0.0000} ms","@r":["0.0345"],"@tr":"de618a36f79231fd8f3bbfd419510df8","@sp":"2e40bf47a25067ac","RequestMethod":"PUT","RequestPath":"/api/Order/10250","StatusCode":405,"Elapsed":0.0345,"SourceContext":"Serilog.AspNetCore.RequestLoggingMiddleware","RequestId":"0HNE83Q3ME6GJ:00000027","ConnectionId":"0HNE83Q3ME6GJ"}
{"@t":"2025-07-21T06:37:19.4192538Z","@mt":"HTTP {RequestMethod} {RequestPath} responded {StatusCode} in {Elapsed:0.0000} ms","@r":["1.3234"],"@tr":"e95bc181d55e61e69bf29332d5786d65","@sp":"80ceaf43e8134ad1","RequestMethod":"GET","RequestPath":"/api/Order/list","StatusCode":200,"Elapsed":1.3234,"SourceContext":"Serilog.AspNetCore.RequestLoggingMiddleware","RequestId":"0HNE83Q3ME6GJ:00000029","ConnectionId":"0HNE83Q3ME6GJ"}
{"@t":"2025-07-21T09:05:25.2101974Z","@mt":"HTTP {RequestMethod} {RequestPath} responded {StatusCode} in {Elapsed:0.0000} ms","@r":["52.5026"],"@tr":"26e3aff45362a5a135c9a6f72ad5610a","@sp":"bf26bfd24beece95","RequestMethod":"GET","RequestPath":"/api/Product/list","StatusCode":200,"Elapsed":52.5026,"SourceContext":"Serilog.AspNetCore.RequestLoggingMiddleware","RequestId":"0HNE83Q3ME6GK:00000001","ConnectionId":"0HNE83Q3ME6GK"}
{"@t":"2025-07-21T09:05:41.2253317Z","@mt":"HTTP {RequestMethod} {RequestPath} responded {StatusCode} in {Elapsed:0.0000} ms","@r":["70.7384"],"@tr":"5ccd6c539201b4ab8eae6dcdae4431ac","@sp":"a7d3fb82f788a4b3","RequestMethod":"GET","RequestPath":"/api/Product/83","StatusCode":200,"Elapsed":70.7384,"SourceContext":"Serilog.AspNetCore.RequestLoggingMiddleware","RequestId":"0HNE83Q3ME6GK:00000003","ConnectionId":"0HNE83Q3ME6GK"}
{"@t":"2025-07-21T09:07:23.3572331Z","@mt":"HTTP {RequestMethod} {RequestPath} responded {StatusCode} in {Elapsed:0.0000} ms","@r":["80.5001"],"@tr":"29f4500bb48ce487746266cf68f67b88","@sp":"6af8bceb12a56fdd","RequestMethod":"GET","RequestPath":"/api/Order/list","StatusCode":200,"Elapsed":80.5001,"SourceContext":"Serilog.AspNetCore.RequestLoggingMiddleware","RequestId":"0HNE83Q3ME6GK:00000005","ConnectionId":"0HNE83Q3ME6GK"}
{"@t":"2025-07-21T09:07:24.9923310Z","@mt":"HTTP {RequestMethod} {RequestPath} responded {StatusCode} in {Elapsed:0.0000} ms","@r":["1.3113"],"@tr":"8ba766f7289e02d432ea492b015ca368","@sp":"d6a78ecec42f0972","RequestMethod":"GET","RequestPath":"/api/Product/list","StatusCode":200,"Elapsed":1.3113,"SourceContext":"Serilog.AspNetCore.RequestLoggingMiddleware","RequestId":"0HNE83Q3ME6GK:00000007","ConnectionId":"0HNE83Q3ME6GK"}
{"@t":"2025-07-21T09:07:26.5537597Z","@mt":"HTTP {RequestMethod} {RequestPath} responded {StatusCode} in {Elapsed:0.0000} ms","@r":["4.2064"],"@tr":"05a8a27aace78f741c9f219f8abb7017","@sp":"51c773d4f432411b","RequestMethod":"GET","RequestPath":"/api/Product/83","StatusCode":200,"Elapsed":4.2064,"SourceContext":"Serilog.AspNetCore.RequestLoggingMiddleware","RequestId":"0HNE83Q3ME6GK:00000009","ConnectionId":"0HNE83Q3ME6GK"}
{"@t":"2025-07-21T09:07:30.1893660Z","@mt":"HTTP {RequestMethod} {RequestPath} responded {StatusCode} in {Elapsed:0.0000} ms","@r":["0.0869"],"@tr":"79439e40b2340aab81804346056315bf","@sp":"8b667bba2e6adb9a","RequestMethod":"OPTIONS","RequestPath":"/api/Product","StatusCode":204,"Elapsed":0.0869,"SourceContext":"Serilog.AspNetCore.RequestLoggingMiddleware","RequestId":"0HNE83Q3ME6GK:0000000B","ConnectionId":"0HNE83Q3ME6GK"}
{"@t":"2025-07-21T09:07:30.2255758Z","@mt":"HTTP {RequestMethod} {RequestPath} responded {StatusCode} in {Elapsed:0.0000} ms","@r":["32.5143"],"@tr":"cb3565d98bc9dae0b0755adc2ece7aff","@sp":"bf623661372241db","RequestMethod":"PUT","RequestPath":"/api/Product","StatusCode":400,"Elapsed":32.5143,"SourceContext":"Serilog.AspNetCore.RequestLoggingMiddleware","RequestId":"0HNE83Q3ME6GK:0000000D","ConnectionId":"0HNE83Q3ME6GK"}
{"@t":"2025-07-21T09:07:33.9608886Z","@mt":"HTTP {RequestMethod} {RequestPath} responded {StatusCode} in {Elapsed:0.0000} ms","@r":["1.3313"],"@tr":"5686486acd78db0e9e36faa12d0a09bc","@sp":"a5c26d48d033b778","RequestMethod":"GET","RequestPath":"/api/Product/list","StatusCode":200,"Elapsed":1.3313,"SourceContext":"Serilog.AspNetCore.RequestLoggingMiddleware","RequestId":"0HNE83Q3ME6GK:0000000F","ConnectionId":"0HNE83Q3ME6GK"}
{"@t":"2025-07-21T09:08:16.0395151Z","@mt":"HTTP {RequestMethod} {RequestPath} responded {StatusCode} in {Elapsed:0.0000} ms","@r":["35.3889"],"@tr":"62d47f7b3e32b27f5751c1a566b55f70","@sp":"4f8d3a8e91cd98a5","RequestMethod":"GET","RequestPath":"/api/Product/83","StatusCode":200,"Elapsed":35.3889,"SourceContext":"Serilog.AspNetCore.RequestLoggingMiddleware","RequestId":"0HNE83Q3ME6GK:00000011","ConnectionId":"0HNE83Q3ME6GK"}
{"@t":"2025-07-21T09:09:55.6542345Z","@mt":"HTTP {RequestMethod} {RequestPath} responded {StatusCode} in {Elapsed:0.0000} ms","@r":["12.3992"],"@tr":"a3d91f9525c81bc518711b6f07efa71f","@sp":"c1f7b5aa1b764273","RequestMethod":"GET","RequestPath":"/api/Product/list","StatusCode":200,"Elapsed":12.3992,"SourceContext":"Serilog.AspNetCore.RequestLoggingMiddleware","RequestId":"0HNE83Q3ME6GK:00000013","ConnectionId":"0HNE83Q3ME6GK"}
{"@t":"2025-07-21T09:09:55.6596806Z","@mt":"HTTP {RequestMethod} {RequestPath} responded {StatusCode} in {Elapsed:0.0000} ms","@r":["1.2225"],"@tr":"7d9d396128a980c2f3d3dff6a6532944","@sp":"5d417b36a6e0b318","RequestMethod":"GET","RequestPath":"/api/Product/list","StatusCode":200,"Elapsed":1.2225,"SourceContext":"Serilog.AspNetCore.RequestLoggingMiddleware","RequestId":"0HNE83Q3ME6GK:00000015","ConnectionId":"0HNE83Q3ME6GK"}
{"@t":"2025-07-21T09:11:55.1777067Z","@mt":"HTTP {RequestMethod} {RequestPath} responded {StatusCode} in {Elapsed:0.0000} ms","@r":["61.2288"],"@tr":"eb34ce9e50c112cc9bcdf6a9dc29be60","@sp":"ebc6e1b2ba3526c9","RequestMethod":"GET","RequestPath":"/api/Product/list","StatusCode":200,"Elapsed":61.2288,"SourceContext":"Serilog.AspNetCore.RequestLoggingMiddleware","RequestId":"0HNE83Q3ME6GK:00000017","ConnectionId":"0HNE83Q3ME6GK"}
{"@t":"2025-07-21T09:11:56.6566508Z","@mt":"HTTP {RequestMethod} {RequestPath} responded {StatusCode} in {Elapsed:0.0000} ms","@r":["15.1118"],"@tr":"cbee7b2fdff1cd2fa57c8010b0824830","@sp":"2ad5cf9d6f254062","RequestMethod":"GET","RequestPath":"/api/Product/83","StatusCode":200,"Elapsed":15.1118,"SourceContext":"Serilog.AspNetCore.RequestLoggingMiddleware","RequestId":"0HNE83Q3ME6GK:00000019","ConnectionId":"0HNE83Q3ME6GK"}
{"@t":"2025-07-21T09:12:02.4343408Z","@mt":"HTTP {RequestMethod} {RequestPath} responded {StatusCode} in {Elapsed:0.0000} ms","@r":["0.0467"],"@tr":"30f412231129a9491d5d88000cf7a307","@sp":"4a8f3fd612198835","RequestMethod":"OPTIONS","RequestPath":"/api/Product","StatusCode":204,"Elapsed":0.0467,"SourceContext":"Serilog.AspNetCore.RequestLoggingMiddleware","RequestId":"0HNE83Q3ME6GK:0000001B","ConnectionId":"0HNE83Q3ME6GK"}
{"@t":"2025-07-21T09:12:02.4404256Z","@mt":"HTTP {RequestMethod} {RequestPath} responded {StatusCode} in {Elapsed:0.0000} ms","@r":["2.5075"],"@tr":"0fa4a1b49b0a8053e59af57962bbb383","@sp":"d60936f46401abf8","RequestMethod":"PUT","RequestPath":"/api/Product","StatusCode":400,"Elapsed":2.5075,"SourceContext":"Serilog.AspNetCore.RequestLoggingMiddleware","RequestId":"0HNE83Q3ME6GK:0000001D","ConnectionId":"0HNE83Q3ME6GK"}
{"@t":"2025-07-21T09:12:06.1898493Z","@mt":"HTTP {RequestMethod} {RequestPath} responded {StatusCode} in {Elapsed:0.0000} ms","@r":["0.7803"],"@tr":"70600a397e99ca386a947bc5dcfaee51","@sp":"3692e99ef4ca9e24","RequestMethod":"GET","RequestPath":"/api/Product/list","StatusCode":200,"Elapsed":0.7803,"SourceContext":"Serilog.AspNetCore.RequestLoggingMiddleware","RequestId":"0HNE83Q3ME6GK:0000001F","ConnectionId":"0HNE83Q3ME6GK"}
{"@t":"2025-07-21T09:12:12.6701251Z","@mt":"HTTP {RequestMethod} {RequestPath} responded {StatusCode} in {Elapsed:0.0000} ms","@r":["0.0458"],"@tr":"69ad2c6b192961403080076b39666229","@sp":"e082d8cac171aa88","RequestMethod":"OPTIONS","RequestPath":"/api/Product/81","StatusCode":204,"Elapsed":0.0458,"SourceContext":"Serilog.AspNetCore.RequestLoggingMiddleware","RequestId":"0HNE83Q3ME6GK:00000021","ConnectionId":"0HNE83Q3ME6GK"}
{"@t":"2025-07-21T09:12:12.8026683Z","@mt":"HTTP {RequestMethod} {RequestPath} responded {StatusCode} in {Elapsed:0.0000} ms","@r":["128.3673"],"@tr":"50cf2f27572546704560643457d214d9","@sp":"824fe76c1ea9f216","RequestMethod":"DELETE","RequestPath":"/api/Product/81","StatusCode":200,"Elapsed":128.3673,"SourceContext":"Serilog.AspNetCore.RequestLoggingMiddleware","RequestId":"0HNE83Q3ME6GK:00000023","ConnectionId":"0HNE83Q3ME6GK"}
{"@t":"2025-07-21T09:12:12.8127326Z","@mt":"HTTP {RequestMethod} {RequestPath} responded {StatusCode} in {Elapsed:0.0000} ms","@r":["5.8859"],"@tr":"9f2feb369073d3440f4de6ce0e298783","@sp":"700276d8a92fdba2","RequestMethod":"GET","RequestPath":"/api/Product/list","StatusCode":200,"Elapsed":5.8859,"SourceContext":"Serilog.AspNetCore.RequestLoggingMiddleware","RequestId":"0HNE83Q3ME6GK:00000025","ConnectionId":"0HNE83Q3ME6GK"}
{"@t":"2025-07-21T09:12:14.8495329Z","@mt":"HTTP {RequestMethod} {RequestPath} responded {StatusCode} in {Elapsed:0.0000} ms","@r":["0.7869"],"@tr":"87bfe1b1db8ca826dc187fdbe6c50392","@sp":"32b7a5f52ce9fe6b","RequestMethod":"GET","RequestPath":"/api/Product/list","StatusCode":200,"Elapsed":0.7869,"SourceContext":"Serilog.AspNetCore.RequestLoggingMiddleware","RequestId":"0HNE83Q3ME6GK:00000027","ConnectionId":"0HNE83Q3ME6GK"}
{"@t":"2025-07-21T09:12:22.0382439Z","@mt":"HTTP {RequestMethod} {RequestPath} responded {StatusCode} in {Elapsed:0.0000} ms","@r":["1.8446"],"@tr":"4687494b8952abd51c5f939fd14987e7","@sp":"c50005e9d7f37a8b","RequestMethod":"GET","RequestPath":"/api/Product/48","StatusCode":200,"Elapsed":1.8446,"SourceContext":"Serilog.AspNetCore.RequestLoggingMiddleware","RequestId":"0HNE83Q3ME6GK:00000029","ConnectionId":"0HNE83Q3ME6GK"}
{"@t":"2025-07-21T09:15:11.6279230Z","@mt":"HTTP {RequestMethod} {RequestPath} responded {StatusCode} in {Elapsed:0.0000} ms","@r":["1.2022"],"@tr":"7db96e9d0a95b9259c0694fa23b90035","@sp":"0e221819b3eb9ab9","RequestMethod":"GET","RequestPath":"/api/Product/list","StatusCode":200,"Elapsed":1.2022,"SourceContext":"Serilog.AspNetCore.RequestLoggingMiddleware","RequestId":"0HNE83Q3ME6GK:0000002B","ConnectionId":"0HNE83Q3ME6GK"}
{"@t":"2025-07-21T09:15:11.6627288Z","@mt":"HTTP {RequestMethod} {RequestPath} responded {StatusCode} in {Elapsed:0.0000} ms","@r":["4.2560"],"@tr":"d3d83c16507344351ed5e3040eaa9de1","@sp":"483c78507792cf06","RequestMethod":"GET","RequestPath":"/api/Product/list","StatusCode":200,"Elapsed":4.256,"SourceContext":"Serilog.AspNetCore.RequestLoggingMiddleware","RequestId":"0HNE83Q3ME6GK:0000002D","ConnectionId":"0HNE83Q3ME6GK"}
{"@t":"2025-07-21T09:15:15.6189943Z","@mt":"HTTP {RequestMethod} {RequestPath} responded {StatusCode} in {Elapsed:0.0000} ms","@r":["0.7014"],"@tr":"25b85d71c3d4669ff04f02b03503d4a1","@sp":"e737921af8a532f7","RequestMethod":"GET","RequestPath":"/api/Product/list","StatusCode":200,"Elapsed":0.7014,"SourceContext":"Serilog.AspNetCore.RequestLoggingMiddleware","RequestId":"0HNE83Q3ME6GK:0000002F","ConnectionId":"0HNE83Q3ME6GK"}
{"@t":"2025-07-21T09:15:17.2913489Z","@mt":"HTTP {RequestMethod} {RequestPath} responded {StatusCode} in {Elapsed:0.0000} ms","@r":["3.7790"],"@tr":"6fc459df4cc415ca6161ac4abd143319","@sp":"90a6713116a6bcaa","RequestMethod":"GET","RequestPath":"/api/Product/2","StatusCode":200,"Elapsed":3.779,"SourceContext":"Serilog.AspNetCore.RequestLoggingMiddleware","RequestId":"0HNE83Q3ME6GK:00000031","ConnectionId":"0HNE83Q3ME6GK"}
{"@t":"2025-07-21T09:15:20.1952843Z","@mt":"HTTP {RequestMethod} {RequestPath} responded {StatusCode} in {Elapsed:0.0000} ms","@r":["0.7760"],"@tr":"f998bdc9db2b64c341fef89eca21ea5b","@sp":"d7d0fee9af7c8b7c","RequestMethod":"GET","RequestPath":"/api/Category/list","StatusCode":200,"Elapsed":0.776,"SourceContext":"Serilog.AspNetCore.RequestLoggingMiddleware","RequestId":"0HNE83Q3ME6GK:00000033","ConnectionId":"0HNE83Q3ME6GK"}
{"@t":"2025-07-21T09:15:28.3541193Z","@mt":"HTTP {RequestMethod} {RequestPath} responded {StatusCode} in {Elapsed:0.0000} ms","@r":["1.0205"],"@tr":"f3c638c60a21a09282d1faf30fd80d0e","@sp":"63fcf8681f9f5c4e","RequestMethod":"GET","RequestPath":"/api/Category/list","StatusCode":200,"Elapsed":1.0205,"SourceContext":"Serilog.AspNetCore.RequestLoggingMiddleware","RequestId":"0HNE83Q3ME6GK:00000035","ConnectionId":"0HNE83Q3ME6GK"}
{"@t":"2025-07-21T09:15:29.2954726Z","@mt":"HTTP {RequestMethod} {RequestPath} responded {StatusCode} in {Elapsed:0.0000} ms","@r":["0.6635"],"@tr":"b33952ed994c319a5429747bfeb3ceed","@sp":"72aba01f4b450572","RequestMethod":"GET","RequestPath":"/api/Customer/list","StatusCode":200,"Elapsed":0.6635,"SourceContext":"Serilog.AspNetCore.RequestLoggingMiddleware","RequestId":"0HNE83Q3ME6GK:00000037","ConnectionId":"0HNE83Q3ME6GK"}
{"@t":"2025-07-21T09:15:30.8465760Z","@mt":"HTTP {RequestMethod} {RequestPath} responded {StatusCode} in {Elapsed:0.0000} ms","@r":["1.8450"],"@tr":"a491d454edbb2f71b1bdc19cd5062407","@sp":"2ab617cae4c1038e","RequestMethod":"GET","RequestPath":"/api/Supplier/list","StatusCode":200,"Elapsed":1.845,"SourceContext":"Serilog.AspNetCore.RequestLoggingMiddleware","RequestId":"0HNE83Q3ME6GK:00000039","ConnectionId":"0HNE83Q3ME6GK"}
{"@t":"2025-07-21T09:15:38.1665247Z","@mt":"HTTP {RequestMethod} {RequestPath} responded {StatusCode} in {Elapsed:0.0000} ms","@r":["0.8327"],"@tr":"e03296f6588b18e242eb2bd4c2798857","@sp":"b97d7407c5fd7eea","RequestMethod":"GET","RequestPath":"/api/Product/list","StatusCode":200,"Elapsed":0.8327,"SourceContext":"Serilog.AspNetCore.RequestLoggingMiddleware","RequestId":"0HNE83Q3ME6GK:0000003B","ConnectionId":"0HNE83Q3ME6GK"}
{"@t":"2025-07-21T09:15:43.5721712Z","@mt":"HTTP {RequestMethod} {RequestPath} responded {StatusCode} in {Elapsed:0.0000} ms","@r":["1.0847"],"@tr":"bd560cda997c62a143cee0b25a072739","@sp":"bd09a99475fb538c","RequestMethod":"GET","RequestPath":"/api/Category/list","StatusCode":200,"Elapsed":1.0847,"SourceContext":"Serilog.AspNetCore.RequestLoggingMiddleware","RequestId":"0HNE83Q3ME6GK:0000003D","ConnectionId":"0HNE83Q3ME6GK"}
{"@t":"2025-07-21T09:15:44.6772704Z","@mt":"HTTP {RequestMethod} {RequestPath} responded {StatusCode} in {Elapsed:0.0000} ms","@r":["0.5247"],"@tr":"95f4eb240b094f67600a81738fe7dbad","@sp":"8604cdd8d78d7401","RequestMethod":"GET","RequestPath":"/api/Customer/list","StatusCode":200,"Elapsed":0.5247,"SourceContext":"Serilog.AspNetCore.RequestLoggingMiddleware","RequestId":"0HNE83Q3ME6GK:0000003F","ConnectionId":"0HNE83Q3ME6GK"}
{"@t":"2025-07-21T09:16:34.7670556Z","@mt":"HTTP {RequestMethod} {RequestPath} responded {StatusCode} in {Elapsed:0.0000} ms","@r":["0.8478"],"@tr":"2688969ccbbcf4a0a709a31f5d276a41","@sp":"66639cd12e7e73a1","RequestMethod":"GET","RequestPath":"/api/Customer/list","StatusCode":200,"Elapsed":0.8478,"SourceContext":"Serilog.AspNetCore.RequestLoggingMiddleware","RequestId":"0HNE83Q3ME6GK:00000041","ConnectionId":"0HNE83Q3ME6GK"}
{"@t":"2025-07-21T09:16:35.9263971Z","@mt":"HTTP {RequestMethod} {RequestPath} responded {StatusCode} in {Elapsed:0.0000} ms","@r":["0.9340"],"@tr":"78d339f77b352a5c3533fbac29eb8b69","@sp":"12eac30adf099dd0","RequestMethod":"GET","RequestPath":"/api/Product/list","StatusCode":200,"Elapsed":0.934,"SourceContext":"Serilog.AspNetCore.RequestLoggingMiddleware","RequestId":"0HNE83Q3ME6GK:00000043","ConnectionId":"0HNE83Q3ME6GK"}
{"@t":"2025-07-21T09:16:36.9831819Z","@mt":"HTTP {RequestMethod} {RequestPath} responded {StatusCode} in {Elapsed:0.0000} ms","@r":["3.7379"],"@tr":"13e1df08756418c3840720bb84dbd602","@sp":"1ffc3a58c74b3c60","RequestMethod":"GET","RequestPath":"/api/Product/3","StatusCode":200,"Elapsed":3.7379,"SourceContext":"Serilog.AspNetCore.RequestLoggingMiddleware","RequestId":"0HNE83Q3ME6GK:00000045","ConnectionId":"0HNE83Q3ME6GK"}
{"@t":"2025-07-21T09:17:37.6345533Z","@mt":"HTTP {RequestMethod} {RequestPath} responded {StatusCode} in {Elapsed:0.0000} ms","@r":["39.2491"],"@tr":"a7a5a4b86d687952e730393a569c6ca7","@sp":"20bd942ddd09e702","RequestMethod":"GET","RequestPath":"/api/Product/list","StatusCode":200,"Elapsed":39.2491,"SourceContext":"Serilog.AspNetCore.RequestLoggingMiddleware","RequestId":"0HNE83Q3ME6GK:00000047","ConnectionId":"0HNE83Q3ME6GK"}
{"@t":"2025-07-21T09:17:37.6364565Z","@mt":"HTTP {RequestMethod} {RequestPath} responded {StatusCode} in {Elapsed:0.0000} ms","@r":["0.8172"],"@tr":"5159fcd18398fcd200aab115b4088008","@sp":"f3374ee21e0e379d","RequestMethod":"GET","RequestPath":"/api/Product/list","StatusCode":200,"Elapsed":0.8172,"SourceContext":"Serilog.AspNetCore.RequestLoggingMiddleware","RequestId":"0HNE83Q3ME6GK:00000049","ConnectionId":"0HNE83Q3ME6GK"}
{"@t":"2025-07-21T09:17:40.5752269Z","@mt":"HTTP {RequestMethod} {RequestPath} responded {StatusCode} in {Elapsed:0.0000} ms","@r":["0.6582"],"@tr":"325011116d1c137ad67b646bbf8214ad","@sp":"4534829f95549860","RequestMethod":"GET","RequestPath":"/api/Product/list","StatusCode":200,"Elapsed":0.6582,"SourceContext":"Serilog.AspNetCore.RequestLoggingMiddleware","RequestId":"0HNE83Q3ME6GK:0000004B","ConnectionId":"0HNE83Q3ME6GK"}
{"@t":"2025-07-21T09:17:41.9282659Z","@mt":"HTTP {RequestMethod} {RequestPath} responded {StatusCode} in {Elapsed:0.0000} ms","@r":["3.4917"],"@tr":"13e2f52023f5b1b1427e5a8083fb79fe","@sp":"683e3a84ce50c3db","RequestMethod":"GET","RequestPath":"/api/Product/3","StatusCode":200,"Elapsed":3.4917,"SourceContext":"Serilog.AspNetCore.RequestLoggingMiddleware","RequestId":"0HNE83Q3ME6GK:0000004D","ConnectionId":"0HNE83Q3ME6GK"}
{"@t":"2025-07-21T09:18:01.0453088Z","@mt":"HTTP {RequestMethod} {RequestPath} responded {StatusCode} in {Elapsed:0.0000} ms","@r":["0.3050"],"@tr":"a33e45518e89195235f6fd0ff54d6123","@sp":"55380d6bca256314","RequestMethod":"OPTIONS","RequestPath":"/api/Product","StatusCode":204,"Elapsed":0.305,"SourceContext":"Serilog.AspNetCore.RequestLoggingMiddleware","RequestId":"0HNE83Q3ME6GK:0000004F","ConnectionId":"0HNE83Q3ME6GK"}
{"@t":"2025-07-21T09:18:01.0669238Z","@mt":"HTTP {RequestMethod} {RequestPath} responded {StatusCode} in {Elapsed:0.0000} ms","@r":["18.4467"],"@tr":"6561d01793b060d7e442e434cd5d7b55","@sp":"977c26c789f4efae","RequestMethod":"POST","RequestPath":"/api/Product","StatusCode":400,"Elapsed":18.4467,"SourceContext":"Serilog.AspNetCore.RequestLoggingMiddleware","RequestId":"0HNE83Q3ME6GK:00000051","ConnectionId":"0HNE83Q3ME6GK"}
{"@t":"2025-07-21T09:18:10.4856550Z","@mt":"HTTP {RequestMethod} {RequestPath} responded {StatusCode} in {Elapsed:0.0000} ms","@r":["0.9080"],"@tr":"256b184c4a2b689c6125b545f9220ba2","@sp":"2a00917885193460","RequestMethod":"GET","RequestPath":"/api/Product/list","StatusCode":200,"Elapsed":0.908,"SourceContext":"Serilog.AspNetCore.RequestLoggingMiddleware","RequestId":"0HNE83Q3ME6GK:00000053","ConnectionId":"0HNE83Q3ME6GK"}
{"@t":"2025-07-21T09:19:56.0699065Z","@mt":"HTTP {RequestMethod} {RequestPath} responded {StatusCode} in {Elapsed:0.0000} ms","@r":["0.9558"],"@tr":"0cfe18fbc2183536709d98c95e269158","@sp":"af3b36e6eadae017","RequestMethod":"GET","RequestPath":"/api/Category/list","StatusCode":200,"Elapsed":0.9558,"SourceContext":"Serilog.AspNetCore.RequestLoggingMiddleware","RequestId":"0HNE83Q3ME6GK:00000055","ConnectionId":"0HNE83Q3ME6GK"}
{"@t":"2025-07-21T09:19:57.2734331Z","@mt":"HTTP {RequestMethod} {RequestPath} responded {StatusCode} in {Elapsed:0.0000} ms","@r":["0.5528"],"@tr":"45db003db6f061264448e1f563fb8645","@sp":"845d8629258701ef","RequestMethod":"GET","RequestPath":"/api/Customer/list","StatusCode":200,"Elapsed":0.5528,"SourceContext":"Serilog.AspNetCore.RequestLoggingMiddleware","RequestId":"0HNE83Q3ME6GK:00000057","ConnectionId":"0HNE83Q3ME6GK"}
{"@t":"2025-07-21T09:19:58.3361307Z","@mt":"HTTP {RequestMethod} {RequestPath} responded {StatusCode} in {Elapsed:0.0000} ms","@r":["0.3852"],"@tr":"63f8e51b69d6da0e62e0dd9cc0ac5d34","@sp":"80026020e30b1cee","RequestMethod":"GET","RequestPath":"/api/Supplier/list","StatusCode":200,"Elapsed":0.3852,"SourceContext":"Serilog.AspNetCore.RequestLoggingMiddleware","RequestId":"0HNE83Q3ME6GK:00000059","ConnectionId":"0HNE83Q3ME6GK"}
{"@t":"2025-07-21T09:20:01.0868840Z","@mt":"HTTP {RequestMethod} {RequestPath} responded {StatusCode} in {Elapsed:0.0000} ms","@r":["1.6939"],"@tr":"3cb458eb9a89d48cbd7cda399cc01bbc","@sp":"9dd101360105aa98","RequestMethod":"GET","RequestPath":"/api/Employee/list","StatusCode":200,"Elapsed":1.6939,"SourceContext":"Serilog.AspNetCore.RequestLoggingMiddleware","RequestId":"0HNE83Q3ME6GK:0000005B","ConnectionId":"0HNE83Q3ME6GK"}
{"@t":"2025-07-21T09:20:06.0882440Z","@mt":"HTTP {RequestMethod} {RequestPath} responded {StatusCode} in {Elapsed:0.0000} ms","@r":["1.5527"],"@tr":"155b89c5c4348fa887bcc3ad875bb4d8","@sp":"6813378d857d1f69","RequestMethod":"GET","RequestPath":"/api/Order/list","StatusCode":200,"Elapsed":1.5527,"SourceContext":"Serilog.AspNetCore.RequestLoggingMiddleware","RequestId":"0HNE83Q3ME6GK:0000005D","ConnectionId":"0HNE83Q3ME6GK"}
{"@t":"2025-07-21T09:20:07.0990384Z","@mt":"HTTP {RequestMethod} {RequestPath} responded {StatusCode} in {Elapsed:0.0000} ms","@r":["4.6421"],"@tr":"6f4020c454f12f21a624cc66329f6239","@sp":"4be27d3803882879","RequestMethod":"GET","RequestPath":"/api/Order/10250","StatusCode":200,"Elapsed":4.6421,"SourceContext":"Serilog.AspNetCore.RequestLoggingMiddleware","RequestId":"0HNE83Q3ME6GK:0000005F","ConnectionId":"0HNE83Q3ME6GK"}
{"@t":"2025-07-21T09:20:18.4562369Z","@mt":"HTTP {RequestMethod} {RequestPath} responded {StatusCode} in {Elapsed:0.0000} ms","@r":["0.0693"],"@tr":"97f874cc1c550d03a017047975d65422","@sp":"797f85fa7dbea40b","RequestMethod":"OPTIONS","RequestPath":"/api/Order/[object Object]","StatusCode":204,"Elapsed":0.0693,"SourceContext":"Serilog.AspNetCore.RequestLoggingMiddleware","RequestId":"0HNE83Q3ME6GK:00000061","ConnectionId":"0HNE83Q3ME6GK"}
{"@t":"2025-07-21T09:20:18.4600015Z","@mt":"HTTP {RequestMethod} {RequestPath} responded {StatusCode} in {Elapsed:0.0000} ms","@r":["0.2714"],"@tr":"9cf1ddf980988e17747514be70bae6c7","@sp":"8f5a2f00ce493e0c","RequestMethod":"PUT","RequestPath":"/api/Order/[object Object]","StatusCode":405,"Elapsed":0.2714,"SourceContext":"Serilog.AspNetCore.RequestLoggingMiddleware","RequestId":"0HNE83Q3ME6GK:00000063","ConnectionId":"0HNE83Q3ME6GK"}
{"@t":"2025-07-21T09:20:20.0212899Z","@mt":"HTTP {RequestMethod} {RequestPath} responded {StatusCode} in {Elapsed:0.0000} ms","@r":["0.7192"],"@tr":"a75a1db1ef34b9e4a2a9ec7dcb00d74a","@sp":"5150e2b765dfae46","RequestMethod":"GET","RequestPath":"/api/Order/list","StatusCode":200,"Elapsed":0.7192,"SourceContext":"Serilog.AspNetCore.RequestLoggingMiddleware","RequestId":"0HNE83Q3ME6GK:00000065","ConnectionId":"0HNE83Q3ME6GK"}
{"@t":"2025-07-21T09:21:48.4279974Z","@mt":"HTTP {RequestMethod} {RequestPath} responded {StatusCode} in {Elapsed:0.0000} ms","@r":["0.8013"],"@tr":"555cc42691a5221536a862ee5ce0a1ed","@sp":"0262417a346e6cee","RequestMethod":"GET","RequestPath":"/api/Category/list","StatusCode":200,"Elapsed":0.8013,"SourceContext":"Serilog.AspNetCore.RequestLoggingMiddleware","RequestId":"0HNE83Q3ME6GK:00000067","ConnectionId":"0HNE83Q3ME6GK"}
{"@t":"2025-07-21T09:21:55.4292238Z","@mt":"HTTP {RequestMethod} {RequestPath} responded {StatusCode} in {Elapsed:0.0000} ms","@r":["0.0415"],"@tr":"9756fa977a37dd1b99f719b05a7e360b","@sp":"cf43e5860e540e01","RequestMethod":"OPTIONS","RequestPath":"/api/Category","StatusCode":204,"Elapsed":0.0415,"SourceContext":"Serilog.AspNetCore.RequestLoggingMiddleware","RequestId":"0HNE83Q3ME6GK:00000069","ConnectionId":"0HNE83Q3ME6GK"}
{"@t":"2025-07-21T09:21:55.4911267Z","@mt":"HTTP {RequestMethod} {RequestPath} responded {StatusCode} in {Elapsed:0.0000} ms","@r":["58.2184"],"@tr":"a913e0147222898db67a169f53576e19","@sp":"4bad951159b412e8","RequestMethod":"POST","RequestPath":"/api/Category","StatusCode":200,"Elapsed":58.2184,"SourceContext":"Serilog.AspNetCore.RequestLoggingMiddleware","RequestId":"0HNE83Q3ME6GK:0000006B","ConnectionId":"0HNE83Q3ME6GK"}
{"@t":"2025-07-21T09:21:55.4993021Z","@mt":"HTTP {RequestMethod} {RequestPath} responded {StatusCode} in {Elapsed:0.0000} ms","@r":["3.8254"],"@tr":"c1a14f69d95430aed513b2a1451131d1","@sp":"703389c4bd6ed484","RequestMethod":"GET","RequestPath":"/api/Category/list","StatusCode":200,"Elapsed":3.8254,"SourceContext":"Serilog.AspNetCore.RequestLoggingMiddleware","RequestId":"0HNE83Q3ME6GK:0000006D","ConnectionId":"0HNE83Q3ME6GK"}
{"@t":"2025-07-21T09:22:00.4830300Z","@mt":"HTTP {RequestMethod} {RequestPath} responded {StatusCode} in {Elapsed:0.0000} ms","@r":["0.0454"],"@tr":"96928d405b9e6b943c1f1fd1f8aa47e9","@sp":"ea263c4908742f74","RequestMethod":"OPTIONS","RequestPath":"/api/Category/undefined","StatusCode":204,"Elapsed":0.0454,"SourceContext":"Serilog.AspNetCore.RequestLoggingMiddleware","RequestId":"0HNE83Q3ME6GK:0000006F","ConnectionId":"0HNE83Q3ME6GK"}
{"@t":"2025-07-21T09:22:00.4962789Z","@mt":"HTTP {RequestMethod} {RequestPath} responded {StatusCode} in {Elapsed:0.0000} ms","@r":["9.2680"],"@tr":"8b681891e9c4cb319dc5f0aa15ffc73d","@sp":"c6ea042fedc73e3c","RequestMethod":"DELETE","RequestPath":"/api/Category/undefined","StatusCode":400,"Elapsed":9.268,"SourceContext":"Serilog.AspNetCore.RequestLoggingMiddleware","RequestId":"0HNE83Q3ME6GK:00000071","ConnectionId":"0HNE83Q3ME6GK"}
{"@t":"2025-07-21T09:24:05.4655078Z","@mt":"HTTP {RequestMethod} {RequestPath} responded {StatusCode} in {Elapsed:0.0000} ms","@r":["31.3620"],"@tr":"2e983b2b591a4e9cd34ea22fd8ec6b5c","@sp":"921036667b17d3ef","RequestMethod":"GET","RequestPath":"/api/Category/list","StatusCode":200,"Elapsed":31.362,"SourceContext":"Serilog.AspNetCore.RequestLoggingMiddleware","RequestId":"0HNE83Q3ME6GK:00000073","ConnectionId":"0HNE83Q3ME6GK"}
{"@t":"2025-07-21T09:24:11.1215988Z","@mt":"HTTP {RequestMethod} {RequestPath} responded {StatusCode} in {Elapsed:0.0000} ms","@r":["0.0469"],"@tr":"adff08e6e7517ed3eb0f6800f84a6451","@sp":"d5dc829b458bd8c7","RequestMethod":"OPTIONS","RequestPath":"/api/Category","StatusCode":204,"Elapsed":0.0469,"SourceContext":"Serilog.AspNetCore.RequestLoggingMiddleware","RequestId":"0HNE83Q3ME6GK:00000075","ConnectionId":"0HNE83Q3ME6GK"}
{"@t":"2025-07-21T09:24:11.1315641Z","@mt":"HTTP {RequestMethod} {RequestPath} responded {StatusCode} in {Elapsed:0.0000} ms","@r":["5.8943"],"@tr":"2cfaee0129e61599e3109085e5360a04","@sp":"353953e7a028316a","RequestMethod":"POST","RequestPath":"/api/Category","StatusCode":200,"Elapsed":5.8943,"SourceContext":"Serilog.AspNetCore.RequestLoggingMiddleware","RequestId":"0HNE83Q3ME6GK:00000077","ConnectionId":"0HNE83Q3ME6GK"}
{"@t":"2025-07-21T09:24:11.1430114Z","@mt":"HTTP {RequestMethod} {RequestPath} responded {StatusCode} in {Elapsed:0.0000} ms","@r":["1.9156"],"@tr":"ba43c3a2cd4c6f3492220707f37a1788","@sp":"ebc74abc804e03a7","RequestMethod":"GET","RequestPath":"/api/Category/list","StatusCode":200,"Elapsed":1.9156,"SourceContext":"Serilog.AspNetCore.RequestLoggingMiddleware","RequestId":"0HNE83Q3ME6GK:00000079","ConnectionId":"0HNE83Q3ME6GK"}
{"@t":"2025-07-21T09:24:13.7223513Z","@mt":"HTTP {RequestMethod} {RequestPath} responded {StatusCode} in {Elapsed:0.0000} ms","@r":["0.0371"],"@tr":"fa78e6ffa72cb57281c4320cabe0dd83","@sp":"fa28b488daac674b","RequestMethod":"OPTIONS","RequestPath":"/api/Category/undefined","StatusCode":204,"Elapsed":0.0371,"SourceContext":"Serilog.AspNetCore.RequestLoggingMiddleware","RequestId":"0HNE83Q3ME6GK:0000007B","ConnectionId":"0HNE83Q3ME6GK"}
{"@t":"2025-07-21T09:24:13.7266462Z","@mt":"HTTP {RequestMethod} {RequestPath} responded {StatusCode} in {Elapsed:0.0000} ms","@r":["1.0083"],"@tr":"e291303d79c8ce3c50d23131695e192d","@sp":"af4a9d39aa01912d","RequestMethod":"DELETE","RequestPath":"/api/Category/undefined","StatusCode":400,"Elapsed":1.0083,"SourceContext":"Serilog.AspNetCore.RequestLoggingMiddleware","RequestId":"0HNE83Q3ME6GK:0000007D","ConnectionId":"0HNE83Q3ME6GK"}
{"@t":"2025-07-21T09:24:50.9515016Z","@mt":"HTTP {RequestMethod} {RequestPath} responded {StatusCode} in {Elapsed:0.0000} ms","@r":["0.0783"],"@tr":"f1376d77cdf690d3522261dd0c215592","@sp":"bd3459e08c810aa5","RequestMethod":"OPTIONS","RequestPath":"/api/Category","StatusCode":204,"Elapsed":0.0783,"SourceContext":"Serilog.AspNetCore.RequestLoggingMiddleware","RequestId":"0HNE83Q3ME6GK:0000007F","ConnectionId":"0HNE83Q3ME6GK"}
{"@t":"2025-07-21T09:24:50.9737040Z","@mt":"HTTP {RequestMethod} {RequestPath} responded {StatusCode} in {Elapsed:0.0000} ms","@r":["14.4666"],"@tr":"f7e69a2652a8d9f815d70ad089596b74","@sp":"80060938e35eceb0","RequestMethod":"POST","RequestPath":"/api/Category","StatusCode":200,"Elapsed":14.4666,"SourceContext":"Serilog.AspNetCore.RequestLoggingMiddleware","RequestId":"0HNE83Q3ME6GK:00000081","ConnectionId":"0HNE83Q3ME6GK"}
{"@t":"2025-07-21T09:24:50.9803318Z","@mt":"HTTP {RequestMethod} {RequestPath} responded {StatusCode} in {Elapsed:0.0000} ms","@r":["1.9189"],"@tr":"78cee189009516fb2523a3845880e43f","@sp":"bcd55c6f842e4c1c","RequestMethod":"GET","RequestPath":"/api/Category/list","StatusCode":200,"Elapsed":1.9189,"SourceContext":"Serilog.AspNetCore.RequestLoggingMiddleware","RequestId":"0HNE83Q3ME6GK:00000083","ConnectionId":"0HNE83Q3ME6GK"}
{"@t":"2025-07-21T09:24:53.0548062Z","@mt":"HTTP {RequestMethod} {RequestPath} responded {StatusCode} in {Elapsed:0.0000} ms","@r":["0.0453"],"@tr":"debff74974a2f8c040b19c8315a0383c","@sp":"1def4713d09e4650","RequestMethod":"OPTIONS","RequestPath":"/api/Category/undefined","StatusCode":204,"Elapsed":0.0453,"SourceContext":"Serilog.AspNetCore.RequestLoggingMiddleware","RequestId":"0HNE83Q3ME6GK:00000085","ConnectionId":"0HNE83Q3ME6GK"}
{"@t":"2025-07-21T09:24:53.0592712Z","@mt":"HTTP {RequestMethod} {RequestPath} responded {StatusCode} in {Elapsed:0.0000} ms","@r":["1.2860"],"@tr":"0411d848aa05a48e979abaa43659fe16","@sp":"318c467d3561ab8e","RequestMethod":"DELETE","RequestPath":"/api/Category/undefined","StatusCode":400,"Elapsed":1.286,"SourceContext":"Serilog.AspNetCore.RequestLoggingMiddleware","RequestId":"0HNE83Q3ME6GK:00000087","ConnectionId":"0HNE83Q3ME6GK"}
{"@t":"2025-07-21T09:25:35.6205804Z","@mt":"HTTP {RequestMethod} {RequestPath} responded {StatusCode} in {Elapsed:0.0000} ms","@r":["0.5941"],"@tr":"a26553f49b58fb02bd890e4cabd3f9f6","@sp":"be8f6e54ec1bb108","RequestMethod":"GET","RequestPath":"/api/Product/list","StatusCode":200,"Elapsed":0.5941,"SourceContext":"Serilog.AspNetCore.RequestLoggingMiddleware","RequestId":"0HNE83Q3ME6GK:00000089","ConnectionId":"0HNE83Q3ME6GK"}
{"@t":"2025-07-21T09:25:36.1828007Z","@mt":"HTTP {RequestMethod} {RequestPath} responded {StatusCode} in {Elapsed:0.0000} ms","@r":["0.4750"],"@tr":"7a800479e37e4fe1d8ad4c493b8b881b","@sp":"fdc472162aef933f","RequestMethod":"GET","RequestPath":"/api/Category/list","StatusCode":200,"Elapsed":0.475,"SourceContext":"Serilog.AspNetCore.RequestLoggingMiddleware","RequestId":"0HNE83Q3ME6GK:0000008B","ConnectionId":"0HNE83Q3ME6GK"}
{"@t":"2025-07-21T09:25:36.6965682Z","@mt":"HTTP {RequestMethod} {RequestPath} responded {StatusCode} in {Elapsed:0.0000} ms","@r":["0.3748"],"@tr":"66ed0e2ad003d92c1a24e1bc8c40d8b8","@sp":"b0030de26bdfe537","RequestMethod":"GET","RequestPath":"/api/Customer/list","StatusCode":200,"Elapsed":0.3748,"SourceContext":"Serilog.AspNetCore.RequestLoggingMiddleware","RequestId":"0HNE83Q3ME6GK:0000008D","ConnectionId":"0HNE83Q3ME6GK"}
{"@t":"2025-07-21T09:25:37.1304105Z","@mt":"HTTP {RequestMethod} {RequestPath} responded {StatusCode} in {Elapsed:0.0000} ms","@r":["0.2007"],"@tr":"5a814c594d19eb524d0a6a9a4c491a50","@sp":"dab29d93ed3a5a7a","RequestMethod":"GET","RequestPath":"/api/Employee/list","StatusCode":200,"Elapsed":0.2007,"SourceContext":"Serilog.AspNetCore.RequestLoggingMiddleware","RequestId":"0HNE83Q3ME6GK:0000008F","ConnectionId":"0HNE83Q3ME6GK"}
{"@t":"2025-07-21T09:25:46.0852305Z","@mt":"HTTP {RequestMethod} {RequestPath} responded {StatusCode} in {Elapsed:0.0000} ms","@r":["0.7986"],"@tr":"c97d126e6145a825e53aba51a8af794a","@sp":"f8dae9c24d1d70b6","RequestMethod":"GET","RequestPath":"/api/Product/list","StatusCode":200,"Elapsed":0.7986,"SourceContext":"Serilog.AspNetCore.RequestLoggingMiddleware","RequestId":"0HNE83Q3ME6GK:00000091","ConnectionId":"0HNE83Q3ME6GK"}
{"@t":"2025-07-21T09:25:46.4305019Z","@mt":"HTTP {RequestMethod} {RequestPath} responded {StatusCode} in {Elapsed:0.0000} ms","@r":["0.5497"],"@tr":"6a3ed5c4690c718ed36d5b4ef1b308ed","@sp":"0e6f2cdf8f77475f","RequestMethod":"GET","RequestPath":"/api/Product/list","StatusCode":200,"Elapsed":0.5497,"SourceContext":"Serilog.AspNetCore.RequestLoggingMiddleware","RequestId":"0HNE83Q3ME6GK:00000093","ConnectionId":"0HNE83Q3ME6GK"}
{"@t":"2025-07-21T09:25:47.7587244Z","@mt":"HTTP {RequestMethod} {RequestPath} responded {StatusCode} in {Elapsed:0.0000} ms","@r":["3.6840"],"@tr":"782ab8e7132e96f6adc80a2f4b414d25","@sp":"2d8f63dc58c944e7","RequestMethod":"GET","RequestPath":"/api/Product/39","StatusCode":200,"Elapsed":3.684,"SourceContext":"Serilog.AspNetCore.RequestLoggingMiddleware","RequestId":"0HNE83Q3ME6GK:00000095","ConnectionId":"0HNE83Q3ME6GK"}
{"@t":"2025-07-21T09:25:53.8566979Z","@mt":"HTTP {RequestMethod} {RequestPath} responded {StatusCode} in {Elapsed:0.0000} ms","@r":["3.6197"],"@tr":"14afa6dc993f68540bbcd54dfc65eebc","@sp":"7a23f1981017571e","RequestMethod":"GET","RequestPath":"/api/Product/40","StatusCode":200,"Elapsed":3.6197,"SourceContext":"Serilog.AspNetCore.RequestLoggingMiddleware","RequestId":"0HNE83Q3ME6GK:00000097","ConnectionId":"0HNE83Q3ME6GK"}
{"@t":"2025-07-21T09:26:08.3912153Z","@mt":"HTTP {RequestMethod} {RequestPath} responded {StatusCode} in {Elapsed:0.0000} ms","@r":["0.0626"],"@tr":"3714cdba2cbcdc64a67c2fb3bef26742","@sp":"b376cf05e3693fde","RequestMethod":"OPTIONS","RequestPath":"/api/Product","StatusCode":204,"Elapsed":0.0626,"SourceContext":"Serilog.AspNetCore.RequestLoggingMiddleware","RequestId":"0HNE83Q3ME6GK:00000099","ConnectionId":"0HNE83Q3ME6GK"}
{"@t":"2025-07-21T09:26:08.3999102Z","@mt":"HTTP {RequestMethod} {RequestPath} responded {StatusCode} in {Elapsed:0.0000} ms","@r":["4.9293"],"@tr":"04fbc904bc93f2c361ef1c693353fa7a","@sp":"bdac29e7f12156c7","RequestMethod":"PUT","RequestPath":"/api/Product","StatusCode":400,"Elapsed":4.9293,"SourceContext":"Serilog.AspNetCore.RequestLoggingMiddleware","RequestId":"0HNE83Q3ME6GK:0000009B","ConnectionId":"0HNE83Q3ME6GK"}
{"@t":"2025-07-21T09:26:18.6417741Z","@mt":"HTTP {RequestMethod} {RequestPath} responded {StatusCode} in {Elapsed:0.0000} ms","@r":["0.9494"],"@tr":"36a4afa96054f9dc85ea56c8a447cdc2","@sp":"b4326fed9e6807f8","RequestMethod":"GET","RequestPath":"/api/Product/list","StatusCode":200,"Elapsed":0.9494,"SourceContext":"Serilog.AspNetCore.RequestLoggingMiddleware","RequestId":"0HNE83Q3ME6GK:0000009D","ConnectionId":"0HNE83Q3ME6GK"}
{"@t":"2025-07-21T09:28:03.2721111Z","@mt":"HTTP {RequestMethod} {RequestPath} responded {StatusCode} in {Elapsed:0.0000} ms","@r":["40.1181"],"@tr":"456db2e493a6f80fd8484d0b7dd9d1b8","@sp":"e4096f2640f769f2","RequestMethod":"GET","RequestPath":"/api/Product/list","StatusCode":200,"Elapsed":40.1181,"SourceContext":"Serilog.AspNetCore.RequestLoggingMiddleware","RequestId":"0HNE83Q3ME6GK:0000009F","ConnectionId":"0HNE83Q3ME6GK"}
{"@t":"2025-07-21T09:28:03.9923725Z","@mt":"HTTP {RequestMethod} {RequestPath} responded {StatusCode} in {Elapsed:0.0000} ms","@r":["3.8457"],"@tr":"e950c02c057e19d7a34e5282691e108f","@sp":"a41679f389e50dbe","RequestMethod":"GET","RequestPath":"/api/Product/3","StatusCode":200,"Elapsed":3.8457,"SourceContext":"Serilog.AspNetCore.RequestLoggingMiddleware","RequestId":"0HNE83Q3ME6GK:000000A1","ConnectionId":"0HNE83Q3ME6GK"}
{"@t":"2025-07-21T09:29:01.4517089Z","@mt":"HTTP {RequestMethod} {RequestPath} responded {StatusCode} in {Elapsed:0.0000} ms","@r":["37.3196"],"@tr":"bc347ce22f8b8f441d1397a7ac20ae3f","@sp":"2e46de621467b587","RequestMethod":"GET","RequestPath":"/api/Product/list","StatusCode":200,"Elapsed":37.3196,"SourceContext":"Serilog.AspNetCore.RequestLoggingMiddleware","RequestId":"0HNE83Q3ME6GK:000000A3","ConnectionId":"0HNE83Q3ME6GK"}
{"@t":"2025-07-21T09:29:02.1931460Z","@mt":"HTTP {RequestMethod} {RequestPath} responded {StatusCode} in {Elapsed:0.0000} ms","@r":["2.1538"],"@tr":"d9002c11090f3298b93eb2415a11649e","@sp":"37b2b4ef775eeea9","RequestMethod":"GET","RequestPath":"/api/Product/3","StatusCode":200,"Elapsed":2.1538,"SourceContext":"Serilog.AspNetCore.RequestLoggingMiddleware","RequestId":"0HNE83Q3ME6GK:000000A5","ConnectionId":"0HNE83Q3ME6GK"}
{"@t":"2025-07-21T09:30:51.6332442Z","@mt":"HTTP {RequestMethod} {RequestPath} responded {StatusCode} in {Elapsed:0.0000} ms","@r":["34.4793"],"@tr":"6aba1681d141c0763e7854a7ddcd4371","@sp":"5b0f22b4d9f2fdb2","RequestMethod":"GET","RequestPath":"/api/Product/list","StatusCode":200,"Elapsed":34.4793,"SourceContext":"Serilog.AspNetCore.RequestLoggingMiddleware","RequestId":"0HNE83Q3ME6GK:000000A7","ConnectionId":"0HNE83Q3ME6GK"}
{"@t":"2025-07-21T09:30:57.9468710Z","@mt":"HTTP {RequestMethod} {RequestPath} responded {StatusCode} in {Elapsed:0.0000} ms","@r":["0.7750"],"@tr":"52ec06a7e7456e80cb93925ae4763608","@sp":"207a18db51db99bf","RequestMethod":"GET","RequestPath":"/api/Product/list","StatusCode":200,"Elapsed":0.775,"SourceContext":"Serilog.AspNetCore.RequestLoggingMiddleware","RequestId":"0HNE83Q3ME6GK:000000A9","ConnectionId":"0HNE83Q3ME6GK"}
{"@t":"2025-07-21T09:30:59.1786507Z","@mt":"HTTP {RequestMethod} {RequestPath} responded {StatusCode} in {Elapsed:0.0000} ms","@r":["4.6894"],"@tr":"1bd6fe3aa1abeeffcbd3ad1f5f40fd23","@sp":"2c368a301ccd000b","RequestMethod":"GET","RequestPath":"/api/Product/3","StatusCode":200,"Elapsed":4.6894,"SourceContext":"Serilog.AspNetCore.RequestLoggingMiddleware","RequestId":"0HNE83Q3ME6GK:000000AB","ConnectionId":"0HNE83Q3ME6GK"}
{"@t":"2025-07-21T09:31:06.6313501Z","@mt":"HTTP {RequestMethod} {RequestPath} responded {StatusCode} in {Elapsed:0.0000} ms","@r":["23.1704"],"@tr":"c592b63ef3b4d5069cf08a343203088b","@sp":"1e6d04a71a116780","RequestMethod":"GET","RequestPath":"/api/Product/list","StatusCode":200,"Elapsed":23.1704,"SourceContext":"Serilog.AspNetCore.RequestLoggingMiddleware","RequestId":"0HNE83Q3ME6GM:00000001","ConnectionId":"0HNE83Q3ME6GM"}
{"@t":"2025-07-21T09:31:08.2897258Z","@mt":"HTTP {RequestMethod} {RequestPath} responded {StatusCode} in {Elapsed:0.0000} ms","@r":["1.7205"],"@tr":"c45cee5a8fe11288182ead46035b9ee4","@sp":"d9d00a454a33ee81","RequestMethod":"GET","RequestPath":"/api/Product/81","StatusCode":200,"Elapsed":1.7205,"SourceContext":"Serilog.AspNetCore.RequestLoggingMiddleware","RequestId":"0HNE83Q3ME6GM:00000003","ConnectionId":"0HNE83Q3ME6GM"}
{"@t":"2025-07-21T09:31:11.5644827Z","@mt":"HTTP {RequestMethod} {RequestPath} responded {StatusCode} in {Elapsed:0.0000} ms","@r":["0.0450"],"@tr":"f78171351e5985a563c89386eecc0b2b","@sp":"5626735fbdc68be2","RequestMethod":"OPTIONS","RequestPath":"/api/Product","StatusCode":204,"Elapsed":0.045,"SourceContext":"Serilog.AspNetCore.RequestLoggingMiddleware","RequestId":"0HNE83Q3ME6GM:00000005","ConnectionId":"0HNE83Q3ME6GM"}
{"@t":"2025-07-21T09:31:11.5704665Z","@mt":"HTTP {RequestMethod} {RequestPath} responded {StatusCode} in {Elapsed:0.0000} ms","@r":["1.3809"],"@tr":"183d094076c5e13f9a6f8acff30d2787","@sp":"a65aa1f10f18d401","RequestMethod":"PUT","RequestPath":"/api/Product","StatusCode":400,"Elapsed":1.3809,"SourceContext":"Serilog.AspNetCore.RequestLoggingMiddleware","RequestId":"0HNE83Q3ME6GM:00000007","ConnectionId":"0HNE83Q3ME6GM"}
{"@t":"2025-07-21T09:31:14.1353144Z","@mt":"HTTP {RequestMethod} {RequestPath} responded {StatusCode} in {Elapsed:0.0000} ms","@r":["0.3636"],"@tr":"03af6c651e860a270c5aeffe3d075423","@sp":"d7360ec2964694fe","RequestMethod":"GET","RequestPath":"/api/Product/list","StatusCode":200,"Elapsed":0.3636,"SourceContext":"Serilog.AspNetCore.RequestLoggingMiddleware","RequestId":"0HNE83Q3ME6GM:00000009","ConnectionId":"0HNE83Q3ME6GM"}
{"@t":"2025-07-21T09:31:15.6207555Z","@mt":"HTTP {RequestMethod} {RequestPath} responded {StatusCode} in {Elapsed:0.0000} ms","@r":["1.8336"],"@tr":"736ff7c590a491c83b677b0840662509","@sp":"543c3f46b49ad8ea","RequestMethod":"GET","RequestPath":"/api/Product/81","StatusCode":200,"Elapsed":1.8336,"SourceContext":"Serilog.AspNetCore.RequestLoggingMiddleware","RequestId":"0HNE83Q3ME6GM:0000000B","ConnectionId":"0HNE83Q3ME6GM"}
{"@t":"2025-07-21T09:31:23.3968488Z","@mt":"HTTP {RequestMethod} {RequestPath} responded {StatusCode} in {Elapsed:0.0000} ms","@r":["0.0394"],"@tr":"734dc4439e2e583ffacaf09049032260","@sp":"8c88dcaa1edbec70","RequestMethod":"OPTIONS","RequestPath":"/api/Product","StatusCode":204,"Elapsed":0.0394,"SourceContext":"Serilog.AspNetCore.RequestLoggingMiddleware","RequestId":"0HNE83Q3ME6GM:0000000D","ConnectionId":"0HNE83Q3ME6GM"}
{"@t":"2025-07-21T09:31:23.4014350Z","@mt":"HTTP {RequestMethod} {RequestPath} responded {StatusCode} in {Elapsed:0.0000} ms","@r":["0.9901"],"@tr":"30e984f2c86848582d817cccd2487883","@sp":"3d840140d76d5314","RequestMethod":"PUT","RequestPath":"/api/Product","StatusCode":400,"Elapsed":0.9901,"SourceContext":"Serilog.AspNetCore.RequestLoggingMiddleware","RequestId":"0HNE83Q3ME6GM:0000000F","ConnectionId":"0HNE83Q3ME6GM"}
{"@t":"2025-07-21T09:31:27.7207687Z","@mt":"HTTP {RequestMethod} {RequestPath} responded {StatusCode} in {Elapsed:0.0000} ms","@r":["0.4991"],"@tr":"973278963de7c1ab41a52b01a6e87cb7","@sp":"8ec3341d5e48eb9d","RequestMethod":"GET","RequestPath":"/api/Product/list","StatusCode":200,"Elapsed":0.4991,"SourceContext":"Serilog.AspNetCore.RequestLoggingMiddleware","RequestId":"0HNE83Q3ME6GM:00000011","ConnectionId":"0HNE83Q3ME6GM"}
{"@t":"2025-07-21T09:31:29.7878148Z","@mt":"HTTP {RequestMethod} {RequestPath} responded {StatusCode} in {Elapsed:0.0000} ms","@r":["0.5010"],"@tr":"3f24af48de90893054cae2dfe4dc3126","@sp":"b273761d725ff808","RequestMethod":"GET","RequestPath":"/api/Product/list","StatusCode":200,"Elapsed":0.501,"SourceContext":"Serilog.AspNetCore.RequestLoggingMiddleware","RequestId":"0HNE83Q3ME6GM:00000013","ConnectionId":"0HNE83Q3ME6GM"}
{"@t":"2025-07-21T09:38:19.8166084Z","@mt":"HTTP {RequestMethod} {RequestPath} responded {StatusCode} in {Elapsed:0.0000} ms","@r":["47.1881"],"@tr":"212a8654da981bf2edeaf9940e8d8f67","@sp":"bf3199fea730cab2","RequestMethod":"GET","RequestPath":"/api/Product/17","StatusCode":200,"Elapsed":47.1881,"SourceContext":"Serilog.AspNetCore.RequestLoggingMiddleware","RequestId":"0HNE83Q3ME6GM:00000015","ConnectionId":"0HNE83Q3ME6GM"}
{"@t":"2025-07-21T09:38:25.0905395Z","@mt":"HTTP {RequestMethod} {RequestPath} responded {StatusCode} in {Elapsed:0.0000} ms","@r":["1.6232"],"@tr":"32a7948c34b90793cbcfefc4ced0c739","@sp":"355cd69a7282f885","RequestMethod":"GET","RequestPath":"/api/Product/17","StatusCode":200,"Elapsed":1.6232,"SourceContext":"Serilog.AspNetCore.RequestLoggingMiddleware","RequestId":"0HNE83Q3ME6GM:00000017","ConnectionId":"0HNE83Q3ME6GM"}
{"@t":"2025-07-21T09:38:27.2886581Z","@mt":"HTTP {RequestMethod} {RequestPath} responded {StatusCode} in {Elapsed:0.0000} ms","@r":["1.4385"],"@tr":"85962c18a354d1925d3f6c67a3506282","@sp":"4d0cac86ee105bc0","RequestMethod":"GET","RequestPath":"/api/Product/17","StatusCode":200,"Elapsed":1.4385,"SourceContext":"Serilog.AspNetCore.RequestLoggingMiddleware","RequestId":"0HNE83Q3ME6GM:00000019","ConnectionId":"0HNE83Q3ME6GM"}
{"@t":"2025-07-21T09:38:29.7008653Z","@mt":"HTTP {RequestMethod} {RequestPath} responded {StatusCode} in {Elapsed:0.0000} ms","@r":["1.4142"],"@tr":"ef4ed5e1f0cc8712fd9c3389ca0e0838","@sp":"71e8daa4bb6aee25","RequestMethod":"GET","RequestPath":"/api/Product/17","StatusCode":200,"Elapsed":1.4142,"SourceContext":"Serilog.AspNetCore.RequestLoggingMiddleware","RequestId":"0HNE83Q3ME6GM:0000001B","ConnectionId":"0HNE83Q3ME6GM"}
{"@t":"2025-07-21T09:49:02.4371116Z","@mt":"HTTP {RequestMethod} {RequestPath} responded {StatusCode} in {Elapsed:0.0000} ms","@r":["1.9795"],"@tr":"63aba894270fef867bea6331657b70f5","@sp":"03e6bd084d9479aa","RequestMethod":"GET","RequestPath":"/api/Product/list","StatusCode":200,"Elapsed":1.9795,"SourceContext":"Serilog.AspNetCore.RequestLoggingMiddleware","RequestId":"0HNE83Q3ME6GM:0000001D","ConnectionId":"0HNE83Q3ME6GM"}
{"@t":"2025-07-21T10:13:39.9310466Z","@mt":"HTTP {RequestMethod} {RequestPath} responded {StatusCode} in {Elapsed:0.0000} ms","@r":["23.9741"],"@tr":"e51bf812b180703f57fed1d78bdee2fe","@sp":"8b9d1373713ce2a4","RequestMethod":"GET","RequestPath":"/api/Category/list","StatusCode":200,"Elapsed":23.9741,"SourceContext":"Serilog.AspNetCore.RequestLoggingMiddleware","RequestId":"0HNE83Q3ME6GN:00000001","ConnectionId":"0HNE83Q3ME6GN"}
{"@t":"2025-07-21T10:13:42.5204660Z","@mt":"HTTP {RequestMethod} {RequestPath} responded {StatusCode} in {Elapsed:0.0000} ms","@r":["0.4999"],"@tr":"38b0eba50d88609afd495aed1bfcec5b","@sp":"2f887cfed9691bd3","RequestMethod":"GET","RequestPath":"/api/Customer/list","StatusCode":200,"Elapsed":0.4999,"SourceContext":"Serilog.AspNetCore.RequestLoggingMiddleware","RequestId":"0HNE83Q3ME6GN:00000003","ConnectionId":"0HNE83Q3ME6GN"}
{"@t":"2025-07-21T10:13:44.5260206Z","@mt":"HTTP {RequestMethod} {RequestPath} responded {StatusCode} in {Elapsed:0.0000} ms","@r":["0.4044"],"@tr":"24144becde9fbba128f955052c42f7c3","@sp":"11f528ba3c9d1c7b","RequestMethod":"GET","RequestPath":"/api/Supplier/list","StatusCode":200,"Elapsed":0.4044,"SourceContext":"Serilog.AspNetCore.RequestLoggingMiddleware","RequestId":"0HNE83Q3ME6GN:00000005","ConnectionId":"0HNE83Q3ME6GN"}
{"@t":"2025-07-21T10:13:48.0383981Z","@mt":"HTTP {RequestMethod} {RequestPath} responded {StatusCode} in {Elapsed:0.0000} ms","@r":["0.3811"],"@tr":"770627adf79cceb73a115661054be7a6","@sp":"46b22e549d97d0c9","RequestMethod":"GET","RequestPath":"/api/Employee/list","StatusCode":200,"Elapsed":0.3811,"SourceContext":"Serilog.AspNetCore.RequestLoggingMiddleware","RequestId":"0HNE83Q3ME6GN:00000007","ConnectionId":"0HNE83Q3ME6GN"}
{"@t":"2025-07-21T10:13:50.0014167Z","@mt":"HTTP {RequestMethod} {RequestPath} responded {StatusCode} in {Elapsed:0.0000} ms","@r":["0.7811"],"@tr":"fa77fd67b493bc10db54b1e45cfad676","@sp":"52b5af8cf17163e9","RequestMethod":"GET","RequestPath":"/api/Product/list","StatusCode":200,"Elapsed":0.7811,"SourceContext":"Serilog.AspNetCore.RequestLoggingMiddleware","RequestId":"0HNE83Q3ME6GN:00000009","ConnectionId":"0HNE83Q3ME6GN"}
{"@t":"2025-07-21T10:14:02.5579384Z","@mt":"HTTP {RequestMethod} {RequestPath} responded {StatusCode} in {Elapsed:0.0000} ms","@r":["40.5295"],"@tr":"363992c02f02a8d7b589ca8c9ce2c984","@sp":"d8b940261c99a91e","RequestMethod":"GET","RequestPath":"/api/Product/3","StatusCode":200,"Elapsed":40.5295,"SourceContext":"Serilog.AspNetCore.RequestLoggingMiddleware","RequestId":"0HNE83Q3ME6GN:0000000B","ConnectionId":"0HNE83Q3ME6GN"}
{"@t":"2025-07-21T10:14:16.3624112Z","@mt":"HTTP {RequestMethod} {RequestPath} responded {StatusCode} in {Elapsed:0.0000} ms","@r":["1.7686"],"@tr":"163f6fa53d380ba0fe7da1030d65b874","@sp":"847f1da5b473f7a4","RequestMethod":"GET","RequestPath":"/api/Product/3","StatusCode":200,"Elapsed":1.7686,"SourceContext":"Serilog.AspNetCore.RequestLoggingMiddleware","RequestId":"0HNE83Q3ME6GN:0000000D","ConnectionId":"0HNE83Q3ME6GN"}
{"@t":"2025-07-21T10:14:24.0973934Z","@mt":"HTTP {RequestMethod} {RequestPath} responded {StatusCode} in {Elapsed:0.0000} ms","@r":["2.1036"],"@tr":"62ec89ebee28d1a409275e8552d4ffd9","@sp":"fc5ded82879d1328","RequestMethod":"GET","RequestPath":"/api/Product/3","StatusCode":200,"Elapsed":2.1036,"SourceContext":"Serilog.AspNetCore.RequestLoggingMiddleware","RequestId":"0HNE83Q3ME6GN:0000000F","ConnectionId":"0HNE83Q3ME6GN"}
{"@t":"2025-07-21T10:15:05.8664866Z","@mt":"HTTP {RequestMethod} {RequestPath} responded {StatusCode} in {Elapsed:0.0000} ms","@r":["0.7165"],"@tr":"2cf91c933385b9cd62349f92189c75a8","@sp":"4dfaef6a3a6e0504","RequestMethod":"GET","RequestPath":"/api/Category/list","StatusCode":200,"Elapsed":0.7165,"SourceContext":"Serilog.AspNetCore.RequestLoggingMiddleware","RequestId":"0HNE83Q3ME6GN:00000011","ConnectionId":"0HNE83Q3ME6GN"}
{"@t":"2025-07-21T10:19:10.6780135Z","@mt":"HTTP {RequestMethod} {RequestPath} responded {StatusCode} in {Elapsed:0.0000} ms","@r":["1.1349"],"@tr":"d73b05d4a90ae9f2ee3d48dbca7a270e","@sp":"4370fc1a7c633eac","RequestMethod":"GET","RequestPath":"/api/Product/list","StatusCode":200,"Elapsed":1.1349,"SourceContext":"Serilog.AspNetCore.RequestLoggingMiddleware","RequestId":"0HNE83Q3ME6GN:00000013","ConnectionId":"0HNE83Q3ME6GN"}
{"@t":"2025-07-21T10:20:23.2164298Z","@mt":"HTTP {RequestMethod} {RequestPath} responded {StatusCode} in {Elapsed:0.0000} ms","@r":["1.2632"],"@tr":"cbfebfad6b8789496044843769fa59ac","@sp":"90eb6ae186097273","RequestMethod":"GET","RequestPath":"/api/Product/list","StatusCode":200,"Elapsed":1.2632,"SourceContext":"Serilog.AspNetCore.RequestLoggingMiddleware","RequestId":"0HNE83Q3ME6GN:00000015","ConnectionId":"0HNE83Q3ME6GN"}
{"@t":"2025-07-21T10:23:11.6156640Z","@mt":"HTTP {RequestMethod} {RequestPath} responded {StatusCode} in {Elapsed:0.0000} ms","@r":["25.6837"],"@tr":"a57131400eed6e3474a5466dccd487d7","@sp":"02e1ed62b10ac1e2","RequestMethod":"GET","RequestPath":"/api/Category/list","StatusCode":200,"Elapsed":25.6837,"SourceContext":"Serilog.AspNetCore.RequestLoggingMiddleware","RequestId":"0HNE83Q3ME6GN:00000017","ConnectionId":"0HNE83Q3ME6GN"}
