{"@t":"2025-07-27T18:07:01.4501270Z","@mt":"No store type was specified for the decimal property '{property}' on entity type '{entityType}'. This will cause values to be silently truncated if they do not fit in the default precision and scale. Explicitly specify the SQL server column type that can accommodate all the values in 'OnModelCreating' using 'HasColumnType', specify precision and scale using 'HasPrecision', or configure a value converter using 'HasConversion'.","@l":"Warning","@tr":"60d17ba1caa2d5dbc097d8f5384460b7","@sp":"7fb7a319abf13d8f","property":"Freight","entityType":"Order","EventId":{"Id":30000,"Name":"Microsoft.EntityFrameworkCore.Model.Validation.DecimalTypeDefaultWarning"},"SourceContext":"Microsoft.EntityFrameworkCore.Model.Validation","ActionId":"c6a8eff7-b2c3-4ea0-b8ca-b6ad7abbc64d","ActionName":"NorthwindApp.API.Controllers.ProductController.GetAll (NorthwindApp.API)","RequestId":"0HNED711U0IIR:00000001","RequestPath":"/api/Product/list","ConnectionId":"0HNED711U0IIR"}
{"@t":"2025-07-27T18:07:01.5096884Z","@mt":"No store type was specified for the decimal property '{property}' on entity type '{entityType}'. This will cause values to be silently truncated if they do not fit in the default precision and scale. Explicitly specify the SQL server column type that can accommodate all the values in 'OnModelCreating' using 'HasColumnType', specify precision and scale using 'HasPrecision', or configure a value converter using 'HasConversion'.","@l":"Warning","@tr":"60d17ba1caa2d5dbc097d8f5384460b7","@sp":"7fb7a319abf13d8f","property":"UnitPrice","entityType":"Product","EventId":{"Id":30000,"Name":"Microsoft.EntityFrameworkCore.Model.Validation.DecimalTypeDefaultWarning"},"SourceContext":"Microsoft.EntityFrameworkCore.Model.Validation","ActionId":"c6a8eff7-b2c3-4ea0-b8ca-b6ad7abbc64d","ActionName":"NorthwindApp.API.Controllers.ProductController.GetAll (NorthwindApp.API)","RequestId":"0HNED711U0IIR:00000001","RequestPath":"/api/Product/list","ConnectionId":"0HNED711U0IIR"}
{"@t":"2025-07-27T18:07:02.4965796Z","@mt":"HTTP {RequestMethod} {RequestPath} responded {StatusCode} in {Elapsed:0.0000} ms","@r":["1800.3708"],"@tr":"60d17ba1caa2d5dbc097d8f5384460b7","@sp":"7fb7a319abf13d8f","RequestMethod":"GET","RequestPath":"/api/Product/list","StatusCode":200,"Elapsed":1800.3708,"SourceContext":"Serilog.AspNetCore.RequestLoggingMiddleware","RequestId":"0HNED711U0IIR:00000001","ConnectionId":"0HNED711U0IIR"}
{"@t":"2025-07-27T18:08:34.4170688Z","@mt":"HTTP {RequestMethod} {RequestPath} responded {StatusCode} in {Elapsed:0.0000} ms","@r":["200.2432"],"@tr":"af523a236060c2d42034c977b3c4a0fe","@sp":"6ee754ccf05657d7","RequestMethod":"GET","RequestPath":"/api/Product/list","StatusCode":200,"Elapsed":200.2432,"SourceContext":"Serilog.AspNetCore.RequestLoggingMiddleware","RequestId":"0HNED711U0IIS:00000001","ConnectionId":"0HNED711U0IIS"}
{"@t":"2025-07-27T18:08:41.2530156Z","@mt":"HTTP {RequestMethod} {RequestPath} responded {StatusCode} in {Elapsed:0.0000} ms","@r":["73.0223"],"@tr":"6ee04761df900313869080d6f20c967c","@sp":"610926b9e5b439a2","RequestMethod":"GET","RequestPath":"/api/Category/list","StatusCode":200,"Elapsed":73.0223,"SourceContext":"Serilog.AspNetCore.RequestLoggingMiddleware","RequestId":"0HNED711U0IIS:00000003","ConnectionId":"0HNED711U0IIS"}
{"@t":"2025-07-27T18:08:44.9186323Z","@mt":"HTTP {RequestMethod} {RequestPath} responded {StatusCode} in {Elapsed:0.0000} ms","@r":["46.3901"],"@tr":"abcb7dd5f08d2a25d01167f345a19bc8","@sp":"c03727f1df78da4b","RequestMethod":"GET","RequestPath":"/api/Customer/list","StatusCode":200,"Elapsed":46.3901,"SourceContext":"Serilog.AspNetCore.RequestLoggingMiddleware","RequestId":"0HNED711U0IIS:00000005","ConnectionId":"0HNED711U0IIS"}
{"@t":"2025-07-27T18:08:46.9523966Z","@mt":"HTTP {RequestMethod} {RequestPath} responded {StatusCode} in {Elapsed:0.0000} ms","@r":["39.0924"],"@tr":"c2c3358c30ff2f78b3bdccbee3425e88","@sp":"62a9ef8e6dc8ae20","RequestMethod":"GET","RequestPath":"/api/Customer/ANTON","StatusCode":200,"Elapsed":39.0924,"SourceContext":"Serilog.AspNetCore.RequestLoggingMiddleware","RequestId":"0HNED711U0IIS:00000007","ConnectionId":"0HNED711U0IIS"}
{"@t":"2025-07-27T18:08:53.2501490Z","@mt":"HTTP {RequestMethod} {RequestPath} responded {StatusCode} in {Elapsed:0.0000} ms","@r":["16.4762"],"@tr":"c18699be3bcd2cb260cad06a6b15933c","@sp":"8c91a0c7926d7ad4","RequestMethod":"GET","RequestPath":"/api/Customer/AROUT","StatusCode":200,"Elapsed":16.4762,"SourceContext":"Serilog.AspNetCore.RequestLoggingMiddleware","RequestId":"0HNED711U0IIS:00000009","ConnectionId":"0HNED711U0IIS"}
{"@t":"2025-07-27T18:08:57.4292760Z","@mt":"HTTP {RequestMethod} {RequestPath} responded {StatusCode} in {Elapsed:0.0000} ms","@r":["31.3536"],"@tr":"e0b112c0b073d11ad4f833ff2139bc93","@sp":"bf9f65b95d5fbabd","RequestMethod":"GET","RequestPath":"/api/Supplier/list","StatusCode":200,"Elapsed":31.3536,"SourceContext":"Serilog.AspNetCore.RequestLoggingMiddleware","RequestId":"0HNED711U0IIS:0000000B","ConnectionId":"0HNED711U0IIS"}
{"@t":"2025-07-27T18:09:37.1885343Z","@mt":"HTTP {RequestMethod} {RequestPath} responded {StatusCode} in {Elapsed:0.0000} ms","@r":["29.9267"],"@tr":"638425d75cd923a287cb4b1645235661","@sp":"5664cb80cf44281e","RequestMethod":"GET","RequestPath":"/api/Employee/list","StatusCode":200,"Elapsed":29.9267,"SourceContext":"Serilog.AspNetCore.RequestLoggingMiddleware","RequestId":"0HNED711U0IIS:0000000D","ConnectionId":"0HNED711U0IIS"}
{"@t":"2025-07-27T18:09:47.2449931Z","@mt":"HTTP {RequestMethod} {RequestPath} responded {StatusCode} in {Elapsed:0.0000} ms","@r":["52.5832"],"@tr":"cf413a1221857c3afe8cce687d8d4eb2","@sp":"81b809bf91df8487","RequestMethod":"GET","RequestPath":"/api/Order/list","StatusCode":200,"Elapsed":52.5832,"SourceContext":"Serilog.AspNetCore.RequestLoggingMiddleware","RequestId":"0HNED711U0IIS:0000000F","ConnectionId":"0HNED711U0IIS"}
{"@t":"2025-07-27T18:11:12.0202231Z","@mt":"HTTP {RequestMethod} {RequestPath} responded {StatusCode} in {Elapsed:0.0000} ms","@r":["33.2580"],"@tr":"4dc82db3b23e01379dc923a49cd45ff4","@sp":"ca96f5dccfb57ca9","RequestMethod":"PUT","RequestPath":"/api/Product","StatusCode":400,"Elapsed":33.258,"SourceContext":"Serilog.AspNetCore.RequestLoggingMiddleware","RequestId":"0HNED711U0IIR:00000003","ConnectionId":"0HNED711U0IIR"}
{"@t":"2025-07-27T18:11:31.8743830Z","@mt":"HTTP {RequestMethod} {RequestPath} responded {StatusCode} in {Elapsed:0.0000} ms","@r":["101.4436"],"@tr":"93a13c99a26210cf6fe60c95b3073d72","@sp":"8699550988878a89","RequestMethod":"PUT","RequestPath":"/api/Product","StatusCode":200,"Elapsed":101.4436,"SourceContext":"Serilog.AspNetCore.RequestLoggingMiddleware","RequestId":"0HNED711U0IIR:00000005","ConnectionId":"0HNED711U0IIR"}
{"@t":"2025-07-27T18:11:54.2854712Z","@mt":"HTTP {RequestMethod} {RequestPath} responded {StatusCode} in {Elapsed:0.0000} ms","@r":["1.0460"],"@tr":"68ae23e273113901d7df1064af1846ea","@sp":"29f863d830ffc071","RequestMethod":"GET","RequestPath":"/api/Customer/list","StatusCode":200,"Elapsed":1.046,"SourceContext":"Serilog.AspNetCore.RequestLoggingMiddleware","RequestId":"0HNED711U0IIS:00000011","ConnectionId":"0HNED711U0IIS"}
{"@t":"2025-07-27T18:12:09.5145573Z","@mt":"HTTP {RequestMethod} {RequestPath} responded {StatusCode} in {Elapsed:0.0000} ms","@r":["6.4994"],"@tr":"145366f7a1a2f0c717238e091d274969","@sp":"134418b8ada8c729","RequestMethod":"GET","RequestPath":"/api/Product/list","StatusCode":200,"Elapsed":6.4994,"SourceContext":"Serilog.AspNetCore.RequestLoggingMiddleware","RequestId":"0HNED711U0IIS:00000013","ConnectionId":"0HNED711U0IIS"}
{"@t":"2025-07-27T18:13:38.7551507Z","@mt":"HTTP {RequestMethod} {RequestPath} responded {StatusCode} in {Elapsed:0.0000} ms","@r":["1.1647"],"@tr":"94596a38797a25455171818744b46bc7","@sp":"b48a1535abd27d47","RequestMethod":"GET","RequestPath":"/api/Supplier/list","StatusCode":200,"Elapsed":1.1647,"SourceContext":"Serilog.AspNetCore.RequestLoggingMiddleware","RequestId":"0HNED711U0IIS:00000015","ConnectionId":"0HNED711U0IIS"}
