{"@t":"2025-07-23T06:48:54.6899710Z","@mt":"No store type was specified for the decimal property '{property}' on entity type '{entityType}'. This will cause values to be silently truncated if they do not fit in the default precision and scale. Explicitly specify the SQL server column type that can accommodate all the values in 'OnModelCreating' using 'HasColumnType', specify precision and scale using 'HasPrecision', or configure a value converter using 'HasConversion'.","@l":"Warning","@tr":"06f4442b68161f77581b7b8c6758512a","@sp":"e33ecc4b16186ff2","property":"Freight","entityType":"Order","EventId":{"Id":30000,"Name":"Microsoft.EntityFrameworkCore.Model.Validation.DecimalTypeDefaultWarning"},"SourceContext":"Microsoft.EntityFrameworkCore.Model.Validation","ActionId":"2241a635-a8ff-4b09-8011-d9ce8b2ef1fb","ActionName":"NorthwindApp.API.Controllers.ProductController.GetAll (NorthwindApp.API)","RequestId":"0HNE9MJULL9CQ:00000001","RequestPath":"/api/Product/list","ConnectionId":"0HNE9MJULL9CQ"}
{"@t":"2025-07-23T06:48:54.7383311Z","@mt":"No store type was specified for the decimal property '{property}' on entity type '{entityType}'. This will cause values to be silently truncated if they do not fit in the default precision and scale. Explicitly specify the SQL server column type that can accommodate all the values in 'OnModelCreating' using 'HasColumnType', specify precision and scale using 'HasPrecision', or configure a value converter using 'HasConversion'.","@l":"Warning","@tr":"06f4442b68161f77581b7b8c6758512a","@sp":"e33ecc4b16186ff2","property":"UnitPrice","entityType":"Product","EventId":{"Id":30000,"Name":"Microsoft.EntityFrameworkCore.Model.Validation.DecimalTypeDefaultWarning"},"SourceContext":"Microsoft.EntityFrameworkCore.Model.Validation","ActionId":"2241a635-a8ff-4b09-8011-d9ce8b2ef1fb","ActionName":"NorthwindApp.API.Controllers.ProductController.GetAll (NorthwindApp.API)","RequestId":"0HNE9MJULL9CQ:00000001","RequestPath":"/api/Product/list","ConnectionId":"0HNE9MJULL9CQ"}
{"@t":"2025-07-23T06:48:55.5444642Z","@mt":"HTTP {RequestMethod} {RequestPath} responded {StatusCode} in {Elapsed:0.0000} ms","@r":["1513.6518"],"@tr":"06f4442b68161f77581b7b8c6758512a","@sp":"e33ecc4b16186ff2","RequestMethod":"GET","RequestPath":"/api/Product/list","StatusCode":200,"Elapsed":1513.6518,"SourceContext":"Serilog.AspNetCore.RequestLoggingMiddleware","RequestId":"0HNE9MJULL9CQ:00000001","ConnectionId":"0HNE9MJULL9CQ"}
{"@t":"2025-07-23T06:54:30.6796897Z","@mt":"HTTP {RequestMethod} {RequestPath} responded {StatusCode} in {Elapsed:0.0000} ms","@r":["17.9624"],"@tr":"e523165f2360b29abf6a5fe3d1ea5bc0","@sp":"ffa060f029d0b5c4","RequestMethod":"GET","RequestPath":"/api/Product/list","StatusCode":200,"Elapsed":17.9624,"SourceContext":"Serilog.AspNetCore.RequestLoggingMiddleware","RequestId":"0HNE9MJULL9CR:00000015","ConnectionId":"0HNE9MJULL9CR"}
{"@t":"2025-07-23T06:54:37.7588530Z","@mt":"HTTP {RequestMethod} {RequestPath} responded {StatusCode} in {Elapsed:0.0000} ms","@r":["6.3706"],"@tr":"eea2ca536fad040a97216af432b20f69","@sp":"f6aa596aa481b8b9","RequestMethod":"GET","RequestPath":"/api/Product/list","StatusCode":200,"Elapsed":6.3706,"SourceContext":"Serilog.AspNetCore.RequestLoggingMiddleware","RequestId":"0HNE9MJULL9CR:00000017","ConnectionId":"0HNE9MJULL9CR"}
{"@t":"2025-07-23T06:54:40.4640379Z","@mt":"HTTP {RequestMethod} {RequestPath} responded {StatusCode} in {Elapsed:0.0000} ms","@r":["0.8273"],"@tr":"88dd326e43f2aeded8a7bed56c2b0919","@sp":"21efc135d2499470","RequestMethod":"GET","RequestPath":"/api/Product/list","StatusCode":200,"Elapsed":0.8273,"SourceContext":"Serilog.AspNetCore.RequestLoggingMiddleware","RequestId":"0HNE9MJULL9CR:00000019","ConnectionId":"0HNE9MJULL9CR"}
{"@t":"2025-07-23T06:56:24.0351287Z","@mt":"HTTP {RequestMethod} {RequestPath} responded {StatusCode} in {Elapsed:0.0000} ms","@r":["0.1594"],"@tr":"afe4ef3e8b62942ccdbd77162b52ffb1","@sp":"e2d0ea708625304e","RequestMethod":"PUT","RequestPath":"/orders/info","StatusCode":404,"Elapsed":0.1594,"SourceContext":"Serilog.AspNetCore.RequestLoggingMiddleware","RequestId":"0HNE9MJULL9CT:00000001","ConnectionId":"0HNE9MJULL9CT"}
{"@t":"2025-07-23T06:56:30.8302285Z","@mt":"HTTP {RequestMethod} {RequestPath} responded {StatusCode} in {Elapsed:0.0000} ms","@r":["0.0268"],"@tr":"47f04f7b291de4bb95eb96014224bcf2","@sp":"f08983cee82f16fc","RequestMethod":"PUT","RequestPath":"/orders","StatusCode":404,"Elapsed":0.0268,"SourceContext":"Serilog.AspNetCore.RequestLoggingMiddleware","RequestId":"0HNE9MJULL9CT:00000002","ConnectionId":"0HNE9MJULL9CT"}
{"@t":"2025-07-23T06:56:37.2843857Z","@mt":"HTTP {RequestMethod} {RequestPath} responded {StatusCode} in {Elapsed:0.0000} ms","@r":["0.0297"],"@tr":"9c611b96448f958365a1ff9cc7aa41ca","@sp":"294d6eba70ca6fe3","RequestMethod":"PUT","RequestPath":"/product","StatusCode":404,"Elapsed":0.0297,"SourceContext":"Serilog.AspNetCore.RequestLoggingMiddleware","RequestId":"0HNE9MJULL9CT:00000003","ConnectionId":"0HNE9MJULL9CT"}
{"@t":"2025-07-23T06:56:40.5287677Z","@mt":"HTTP {RequestMethod} {RequestPath} responded {StatusCode} in {Elapsed:0.0000} ms","@r":["0.0294"],"@tr":"e76747349183efa41f24a273b8212e61","@sp":"8ddd6d5d73e10bfc","RequestMethod":"PUT","RequestPath":"/products","StatusCode":404,"Elapsed":0.0294,"SourceContext":"Serilog.AspNetCore.RequestLoggingMiddleware","RequestId":"0HNE9MJULL9CT:00000004","ConnectionId":"0HNE9MJULL9CT"}
{"@t":"2025-07-23T06:56:58.4539663Z","@mt":"HTTP {RequestMethod} {RequestPath} responded {StatusCode} in {Elapsed:0.0000} ms","@r":["7.0262"],"@tr":"e8077ce8d5509acc441015b70f4da5bf","@sp":"477a26c94ef2bb37","RequestMethod":"GET","RequestPath":"/api/Product/list","StatusCode":200,"Elapsed":7.0262,"SourceContext":"Serilog.AspNetCore.RequestLoggingMiddleware","RequestId":"0HNE9MJULL9CU:00000001","ConnectionId":"0HNE9MJULL9CU"}
{"@t":"2025-07-23T07:01:54.0540441Z","@mt":"No store type was specified for the decimal property '{property}' on entity type '{entityType}'. This will cause values to be silently truncated if they do not fit in the default precision and scale. Explicitly specify the SQL server column type that can accommodate all the values in 'OnModelCreating' using 'HasColumnType', specify precision and scale using 'HasPrecision', or configure a value converter using 'HasConversion'.","@l":"Warning","@tr":"f1b3483a8458657764ab4f71270225b5","@sp":"5566db188616dcea","property":"Freight","entityType":"Order","EventId":{"Id":30000,"Name":"Microsoft.EntityFrameworkCore.Model.Validation.DecimalTypeDefaultWarning"},"SourceContext":"Microsoft.EntityFrameworkCore.Model.Validation","ActionId":"1efd629e-154b-4663-9a92-beecf813822a","ActionName":"NorthwindApp.API.Controllers.ProductController.GetAll (NorthwindApp.API)","RequestId":"0HNE9MR71SPR3:00000001","RequestPath":"/api/Product/list","ConnectionId":"0HNE9MR71SPR3"}
{"@t":"2025-07-23T07:01:54.0883060Z","@mt":"No store type was specified for the decimal property '{property}' on entity type '{entityType}'. This will cause values to be silently truncated if they do not fit in the default precision and scale. Explicitly specify the SQL server column type that can accommodate all the values in 'OnModelCreating' using 'HasColumnType', specify precision and scale using 'HasPrecision', or configure a value converter using 'HasConversion'.","@l":"Warning","@tr":"f1b3483a8458657764ab4f71270225b5","@sp":"5566db188616dcea","property":"UnitPrice","entityType":"Product","EventId":{"Id":30000,"Name":"Microsoft.EntityFrameworkCore.Model.Validation.DecimalTypeDefaultWarning"},"SourceContext":"Microsoft.EntityFrameworkCore.Model.Validation","ActionId":"1efd629e-154b-4663-9a92-beecf813822a","ActionName":"NorthwindApp.API.Controllers.ProductController.GetAll (NorthwindApp.API)","RequestId":"0HNE9MR71SPR3:00000001","RequestPath":"/api/Product/list","ConnectionId":"0HNE9MR71SPR3"}
{"@t":"2025-07-23T07:01:54.4839144Z","@mt":"HTTP {RequestMethod} {RequestPath} responded {StatusCode} in {Elapsed:0.0000} ms","@r":["844.9642"],"@tr":"f1b3483a8458657764ab4f71270225b5","@sp":"5566db188616dcea","RequestMethod":"GET","RequestPath":"/api/Product/list","StatusCode":200,"Elapsed":844.9642,"SourceContext":"Serilog.AspNetCore.RequestLoggingMiddleware","RequestId":"0HNE9MR71SPR3:00000001","ConnectionId":"0HNE9MR71SPR3"}
{"@t":"2025-07-23T08:36:27.7595692Z","@mt":"No store type was specified for the decimal property '{property}' on entity type '{entityType}'. This will cause values to be silently truncated if they do not fit in the default precision and scale. Explicitly specify the SQL server column type that can accommodate all the values in 'OnModelCreating' using 'HasColumnType', specify precision and scale using 'HasPrecision', or configure a value converter using 'HasConversion'.","@l":"Warning","@tr":"0b87593330b1b828ff4cacd1fb668d96","@sp":"16b94786bf742a07","property":"Freight","entityType":"Order","EventId":{"Id":30000,"Name":"Microsoft.EntityFrameworkCore.Model.Validation.DecimalTypeDefaultWarning"},"SourceContext":"Microsoft.EntityFrameworkCore.Model.Validation","ActionId":"74a1d3c5-cbd6-4f88-a56c-221ba7dbc0f0","ActionName":"NorthwindApp.API.Controllers.CategoryController.GetAll (NorthwindApp.API)","RequestId":"0HNE9OG1R9CAN:00000001","RequestPath":"/api/Category/list","ConnectionId":"0HNE9OG1R9CAN"}
{"@t":"2025-07-23T08:36:27.8061969Z","@mt":"No store type was specified for the decimal property '{property}' on entity type '{entityType}'. This will cause values to be silently truncated if they do not fit in the default precision and scale. Explicitly specify the SQL server column type that can accommodate all the values in 'OnModelCreating' using 'HasColumnType', specify precision and scale using 'HasPrecision', or configure a value converter using 'HasConversion'.","@l":"Warning","@tr":"0b87593330b1b828ff4cacd1fb668d96","@sp":"16b94786bf742a07","property":"UnitPrice","entityType":"Product","EventId":{"Id":30000,"Name":"Microsoft.EntityFrameworkCore.Model.Validation.DecimalTypeDefaultWarning"},"SourceContext":"Microsoft.EntityFrameworkCore.Model.Validation","ActionId":"74a1d3c5-cbd6-4f88-a56c-221ba7dbc0f0","ActionName":"NorthwindApp.API.Controllers.CategoryController.GetAll (NorthwindApp.API)","RequestId":"0HNE9OG1R9CAN:00000001","RequestPath":"/api/Category/list","ConnectionId":"0HNE9OG1R9CAN"}
{"@t":"2025-07-23T08:36:28.6154872Z","@mt":"HTTP {RequestMethod} {RequestPath} responded {StatusCode} in {Elapsed:0.0000} ms","@r":["1422.7171"],"@tr":"0b87593330b1b828ff4cacd1fb668d96","@sp":"16b94786bf742a07","RequestMethod":"GET","RequestPath":"/api/Category/list","StatusCode":200,"Elapsed":1422.7171,"SourceContext":"Serilog.AspNetCore.RequestLoggingMiddleware","RequestId":"0HNE9OG1R9CAN:00000001","ConnectionId":"0HNE9OG1R9CAN"}
{"@t":"2025-07-23T08:36:31.9588646Z","@mt":"HTTP {RequestMethod} {RequestPath} responded {StatusCode} in {Elapsed:0.0000} ms","@r":["191.8931"],"@tr":"5da71826c263c50b2a310c7a84b314de","@sp":"b9778336d3f8a227","RequestMethod":"GET","RequestPath":"/api/Product/list","StatusCode":200,"Elapsed":191.8931,"SourceContext":"Serilog.AspNetCore.RequestLoggingMiddleware","RequestId":"0HNE9OG1R9CAN:00000003","ConnectionId":"0HNE9OG1R9CAN"}
{"@t":"2025-07-23T08:36:33.4984864Z","@mt":"HTTP {RequestMethod} {RequestPath} responded {StatusCode} in {Elapsed:0.0000} ms","@r":["10.1373"],"@tr":"4205176739384a5b4c8565b3dbf6eec0","@sp":"90d10826d1356f3d","RequestMethod":"GET","RequestPath":"/api/Category/list","StatusCode":200,"Elapsed":10.1373,"SourceContext":"Serilog.AspNetCore.RequestLoggingMiddleware","RequestId":"0HNE9OG1R9CAN:00000005","ConnectionId":"0HNE9OG1R9CAN"}
{"@t":"2025-07-23T08:36:36.8350580Z","@mt":"HTTP {RequestMethod} {RequestPath} responded {StatusCode} in {Elapsed:0.0000} ms","@r":["0.9931"],"@tr":"634415e3438c9ee6e68bd7d0f0aa570a","@sp":"2c97d06ce30871c1","RequestMethod":"OPTIONS","RequestPath":"/api/Category/undefined","StatusCode":204,"Elapsed":0.9931,"SourceContext":"Serilog.AspNetCore.RequestLoggingMiddleware","RequestId":"0HNE9OG1R9CAN:00000007","ConnectionId":"0HNE9OG1R9CAN"}
{"@t":"2025-07-23T08:36:36.8526886Z","@mt":"HTTP {RequestMethod} {RequestPath} responded {StatusCode} in {Elapsed:0.0000} ms","@r":["12.8152"],"@tr":"3522a3894f7a96acb22cd7bac441bea5","@sp":"b66005414e978208","RequestMethod":"DELETE","RequestPath":"/api/Category/undefined","StatusCode":400,"Elapsed":12.8152,"SourceContext":"Serilog.AspNetCore.RequestLoggingMiddleware","RequestId":"0HNE9OG1R9CAN:00000009","ConnectionId":"0HNE9OG1R9CAN"}
{"@t":"2025-07-23T10:04:30.3130066Z","@mt":"HTTP {RequestMethod} {RequestPath} responded {StatusCode} in {Elapsed:0.0000} ms","@r":["36.9820"],"@tr":"8d38e299a7433699a36c24ba446e431c","@sp":"447d4ae0bee927d5","RequestMethod":"GET","RequestPath":"/api/Product/list","StatusCode":200,"Elapsed":36.982,"SourceContext":"Serilog.AspNetCore.RequestLoggingMiddleware","RequestId":"0HNE9OG1R9CAO:00000001","ConnectionId":"0HNE9OG1R9CAO"}
{"@t":"2025-07-23T10:04:48.5975394Z","@mt":"HTTP {RequestMethod} {RequestPath} responded {StatusCode} in {Elapsed:0.0000} ms","@r":["1.1834"],"@tr":"3b91ef44ced8aa7f3abae2bb706ec5d0","@sp":"4e9ea3f078974ac4","RequestMethod":"GET","RequestPath":"/api/Category/list","StatusCode":200,"Elapsed":1.1834,"SourceContext":"Serilog.AspNetCore.RequestLoggingMiddleware","RequestId":"0HNE9OG1R9CAO:00000003","ConnectionId":"0HNE9OG1R9CAO"}
{"@t":"2025-07-23T10:04:50.1093037Z","@mt":"HTTP {RequestMethod} {RequestPath} responded {StatusCode} in {Elapsed:0.0000} ms","@r":["3.6620"],"@tr":"895f8baa649a3a71d8c688aac42098ad","@sp":"36de1f8fd557b684","RequestMethod":"GET","RequestPath":"/api/Product/list","StatusCode":200,"Elapsed":3.662,"SourceContext":"Serilog.AspNetCore.RequestLoggingMiddleware","RequestId":"0HNE9OG1R9CAO:00000005","ConnectionId":"0HNE9OG1R9CAO"}
{"@t":"2025-07-23T10:05:04.1455220Z","@mt":"HTTP {RequestMethod} {RequestPath} responded {StatusCode} in {Elapsed:0.0000} ms","@r":["114.4083"],"@tr":"b36402a6730b4a63cf5db458b65c6853","@sp":"b7776ea204c2af90","RequestMethod":"GET","RequestPath":"/api/Product/83","StatusCode":200,"Elapsed":114.4083,"SourceContext":"Serilog.AspNetCore.RequestLoggingMiddleware","RequestId":"0HNE9OG1R9CAO:00000007","ConnectionId":"0HNE9OG1R9CAO"}
