{"Version":1,"ManifestType":"Publish","Endpoints":[{"Route":"swagger-ui/custom.css","AssetFile":"swagger-ui/custom.css","Selectors":[],"ResponseHeaders":[{"Name":"Accept-Ranges","Value":"bytes"},{"Name":"Cache-Control","Value":"no-cache"},{"Name":"Content-Length","Value":"4247"},{"Name":"Content-Type","Value":"text/css"},{"Name":"ETag","Value":"\"4tGxoj3AKxVmyMhDhybb3BXyOaCdPW4USiQ+PsAwwcw=\""},{"Name":"Last-Modified","Value":"Thu, 07 Aug 2025 05:47:19 GMT"}],"EndpointProperties":[{"Name":"integrity","Value":"sha256-4tGxoj3AKxVmyMhDhybb3BXyOaCdPW4USiQ+PsAwwcw="}]},{"Route":"swagger-ui/custom.etsgs048uz.css","AssetFile":"swagger-ui/custom.css","Selectors":[],"ResponseHeaders":[{"Name":"Accept-Ranges","Value":"bytes"},{"Name":"Cache-Control","Value":"max-age=31536000, immutable"},{"Name":"Content-Length","Value":"4247"},{"Name":"Content-Type","Value":"text/css"},{"Name":"ETag","Value":"\"4tGxoj3AKxVmyMhDhybb3BXyOaCdPW4USiQ+PsAwwcw=\""},{"Name":"Last-Modified","Value":"Thu, 07 Aug 2025 05:47:19 GMT"}],"EndpointProperties":[{"Name":"fingerprint","Value":"etsgs048uz"},{"Name":"integrity","Value":"sha256-4tGxoj3AKxVmyMhDhybb3BXyOaCdPW4USiQ+PsAwwcw="},{"Name":"label","Value":"swagger-ui/custom.css"}]},{"Route":"swagger-ui/custom.js","AssetFile":"swagger-ui/custom.js","Selectors":[],"ResponseHeaders":[{"Name":"Accept-Ranges","Value":"bytes"},{"Name":"Cache-Control","Value":"no-cache"},{"Name":"Content-Length","Value":"9334"},{"Name":"Content-Type","Value":"text/javascript"},{"Name":"ETag","Value":"\"/A7/tF+5EvG8g31ja01qD8Ij9oR1akMXLhM9DabQctM=\""},{"Name":"Last-Modified","Value":"Thu, 07 Aug 2025 05:33:43 GMT"}],"EndpointProperties":[{"Name":"integrity","Value":"sha256-/A7/tF+5EvG8g31ja01qD8Ij9oR1akMXLhM9DabQctM="}]},{"Route":"swagger-ui/custom.sejjge82na.js","AssetFile":"swagger-ui/custom.js","Selectors":[],"ResponseHeaders":[{"Name":"Accept-Ranges","Value":"bytes"},{"Name":"Cache-Control","Value":"max-age=31536000, immutable"},{"Name":"Content-Length","Value":"9334"},{"Name":"Content-Type","Value":"text/javascript"},{"Name":"ETag","Value":"\"/A7/tF+5EvG8g31ja01qD8Ij9oR1akMXLhM9DabQctM=\""},{"Name":"Last-Modified","Value":"Thu, 07 Aug 2025 05:33:43 GMT"}],"EndpointProperties":[{"Name":"fingerprint","Value":"sejjge82na"},{"Name":"integrity","Value":"sha256-/A7/tF+5EvG8g31ja01qD8Ij9oR1akMXLhM9DabQctM="},{"Name":"label","Value":"swagger-ui/custom.js"}]}]}